a,image,sitelinks
http://www.wikidata.org/entity/Q205707,http://commons.wikimedia.org/wiki/Special:FilePath/Bradley%20Cooper.jpg,135
http://www.wikidata.org/entity/Q231237,http://commons.wikimedia.org/wiki/Special:FilePath/Karen%20Gillan%20%2853197567618%29.jpg,67
http://www.wikidata.org/entity/Q431753,http://commons.wikimedia.org/wiki/Special:FilePath/Sean%20Gunn%20January%202015.jpg,37
http://www.wikidata.org/entity/Q525065,http://commons.wikimedia.org/wiki/Special:FilePath/Michael%20Rooker%202013%2002%20%28cropped%29.jpg,47
http://www.wikidata.org/entity/Q3395911,http://commons.wikimedia.org/wiki/Special:FilePath/Stuttgart%20-Comic%20Con%20Germany%202019-%207d%20by-RaBoe%20037%20%28cropped%29.jpg,46
http://www.wikidata.org/entity/Q160432,http://commons.wikimedia.org/wiki/Special:FilePath/Jude%20Law-67896.jpg,90
http://www.wikidata.org/entity/Q4724034,http://commons.wikimedia.org/wiki/Special:FilePath/Algenis%20Perez%20Soto%20en%20LosCriticologos.jpg,6
http://www.wikidata.org/entity/Q5530706,http://commons.wikimedia.org/wiki/Special:FilePath/Gemma%20Chan%20at%20the%202026%20Berlin%20International%20Film%20Festival-69949%20%28cropped%29.jpg,50
http://www.wikidata.org/entity/Q19666388,http://commons.wikimedia.org/wiki/Special:FilePath/TeyonahParris-byPhilipRomano%20%28cropped%29.jpg,34
http://www.wikidata.org/entity/Q24312969,http://commons.wikimedia.org/wiki/Special:FilePath/Captain%20Marvel%20at%20Edwards%20Air%20Force%20Base%2006%20%28cropped%29.png,41
http://www.wikidata.org/entity/Q4488,http://commons.wikimedia.org/wiki/Special:FilePath/Clancy%20Brown%20by%20Gage%20Skidmore%202.jpg,45
http://www.wikidata.org/entity/Q355168,http://commons.wikimedia.org/wiki/Special:FilePath/Lee%20Pace%20Paris%20Fashion%20Week%20Spring%20Summer%202020.jpg,45
http://www.wikidata.org/entity/Q514569,http://commons.wikimedia.org/wiki/Special:FilePath/Charlotte%20nicdao%202022%201.jpg,9
http://www.wikidata.org/entity/Q636653,http://commons.wikimedia.org/wiki/Special:FilePath/Danai%20Gurira%202024%20%28cropped%29.jpg,58
http://www.wikidata.org/entity/Q2388576,http://commons.wikimedia.org/wiki/Special:FilePath/Taika%20Waititi%20photo%20by%20pouria%20afkhami%20%28cropped%29.jpg,53
http://www.wikidata.org/entity/Q66132662,http://commons.wikimedia.org/wiki/Special:FilePath/Zach%20Barack%20Lounging.jpg,7
http://www.wikidata.org/entity/Q336788,http://commons.wikimedia.org/wiki/Special:FilePath/Oscar%20Isaac%20at%2082nd%20Venice%20International%20Film%20Festival-1%20%28cropped%29.jpg,60
http://www.wikidata.org/entity/Q362616,http://commons.wikimedia.org/wiki/Special:FilePath/JonBernthal-byPhilipRomano2.jpg,54
http://www.wikidata.org/entity/Q454231,http://commons.wikimedia.org/wiki/Special:FilePath/Charlie%20Cox%2002%20%2829327255635%29%20%28cropped%29.jpg,46
http://www.wikidata.org/entity/Q503027,http://commons.wikimedia.org/wiki/Special:FilePath/Powers-boothe-zumawirewestphotos963564.jpg,38
http://www.wikidata.org/entity/Q1151023,http://commons.wikimedia.org/wiki/Special:FilePath/Numan%20Acar%20Cannes%202017.jpg,18
http://www.wikidata.org/entity/Q1323408,http://commons.wikimedia.org/wiki/Special:FilePath/Enver%20Gjokaj.jpg,28
http://www.wikidata.org/entity/Q3208406,http://commons.wikimedia.org/wiki/Special:FilePath/Chloe%20Bennet%20%2848379301637%29%20%28cropped%29.jpg,42
http://www.wikidata.org/entity/Q3778264,http://commons.wikimedia.org/wiki/Special:FilePath/JB%20Smoove%202014%20NBC%20Universal%20Summer%20Press%20Day%20%28cropped%29.jpg,31
http://www.wikidata.org/entity/Q7562868,http://commons.wikimedia.org/wiki/Special:FilePath/ARealPainBFILFF131024%20%2843%20of%20138%29%20%2854063996577%29%20%28cropped%29.jpg,28
http://www.wikidata.org/entity/Q15144287,http://commons.wikimedia.org/wiki/Special:FilePath/Brett%20Dalton%20at%20PaleyFest%202014.jpg,30
http://www.wikidata.org/entity/Q15542608,http://commons.wikimedia.org/wiki/Special:FilePath/Wyatt%20Russell%20on%20Wizard%20Radio%20Media.jpg,32
http://www.wikidata.org/entity/Q17284894,http://commons.wikimedia.org/wiki/Special:FilePath/B.%20J.%20Britt%20at%20San%20Diego%20Comic%20Con%202025.jpg,9
http://www.wikidata.org/entity/Q22277803,http://commons.wikimedia.org/wiki/Special:FilePath/Florence%20Pugh%20at%20the%202024%20Toronto%20International%20Film%20Festival%2013%20%28cropped%202%20%E2%80%93%20color%20adjusted%29.jpg,64
http://www.wikidata.org/entity/Q24579708,http://commons.wikimedia.org/wiki/Special:FilePath/Clare%20Dunne%20at%20DIFF%202026.jpg,3
http://www.wikidata.org/entity/Q47540928,http://commons.wikimedia.org/wiki/Special:FilePath/Jeff%20Ward%20%2848379171762%29%20%28cropped%29.jpg,20
http://www.wikidata.org/entity/Q19417,http://commons.wikimedia.org/wiki/Special:FilePath/Jimmy%20Urine%202023%20%28cropped%29.jpg,12
http://www.wikidata.org/entity/Q26231,http://commons.wikimedia.org/wiki/Special:FilePath/Corey%20Stoll%20by%20Gage%20Skidmore.jpg,38
http://www.wikidata.org/entity/Q28310,http://commons.wikimedia.org/wiki/Special:FilePath/Scott%20Adkins%20%2853319300983%29.jpg,47
http://www.wikidata.org/entity/Q41422,http://commons.wikimedia.org/wiki/Special:FilePath/Mark%20Ruffalo%20%2836201774756%29%20%28cropped%29.jpg,88
http://www.wikidata.org/entity/Q42204,http://commons.wikimedia.org/wiki/Special:FilePath/Hugo%20Weaving.jpg,64
http://www.wikidata.org/entity/Q45923,http://commons.wikimedia.org/wiki/Special:FilePath/Aaron%20Taylor-Johnson%20at%2082nd%20Venice%20International%20Film%20Festival-1%20%28cropped%29.jpg,54
http://www.wikidata.org/entity/Q73362,http://commons.wikimedia.org/wiki/Special:FilePath/Benjamin%20Bratt%20at%20the%202024%20Toronto%20International%20Film%20Festival%20%28cropped%29.jpg,44
http://www.wikidata.org/entity/Q80966,http://commons.wikimedia.org/wiki/Special:FilePath/Cate%20Blanchett-63298%20%28cropped%202%29.jpg,132
http://www.wikidata.org/entity/Q103157,http://commons.wikimedia.org/wiki/Special:FilePath/Kurt%20Russell%20by%20Gage%20Skidmore%202.jpg,76
http://www.wikidata.org/entity/Q106706,http://commons.wikimedia.org/wiki/Special:FilePath/Jeff%20Goldblum%20by%20Gage%20Skidmore.jpg,75
http://www.wikidata.org/entity/Q119798,http://commons.wikimedia.org/wiki/Special:FilePath/59th%20Karlovy%20Vary%20International%20Film%20Festival%2C%20Michael%20Douglas%2007%20%28cropped%29.jpg,99
http://www.wikidata.org/entity/Q125904,http://commons.wikimedia.org/wiki/Special:FilePath/Ed%20Norton%20and%20Shauna%20Robertson%20TIFF%202025%20%28cropped%29.jpg,90
http://www.wikidata.org/entity/Q132430,http://commons.wikimedia.org/wiki/Special:FilePath/Karl%20Urban%20GalaxyCon%20Raleigh%20July%2C%2025%2C%202026%20112.jpg,59
http://www.wikidata.org/entity/Q138005,http://commons.wikimedia.org/wiki/Special:FilePath/Michael%20Keaton-63916.jpg,80
http://www.wikidata.org/entity/Q159778,http://commons.wikimedia.org/wiki/Special:FilePath/Michelle%20Pfeiffer%20Ant-Man%20%26%20The%20Wasp%20premiere%20%28cropped%29.jpg,101
http://www.wikidata.org/entity/Q160392,http://commons.wikimedia.org/wiki/Special:FilePath/Evangeline%20Lilly%202014%20Comic%20Con%20%28cropped%29.jpg,80
http://www.wikidata.org/entity/Q165625,http://commons.wikimedia.org/wiki/Special:FilePath/Kathryn%20Newton%20during%20an%20interview%2C%20February%202023%20%28cropped%29.jpg,45
http://www.wikidata.org/entity/Q173158,http://commons.wikimedia.org/wiki/Special:FilePath/Ben%20Kingsley%20by%20Gage%20Skidmore.jpg,87
http://www.wikidata.org/entity/Q182763,http://commons.wikimedia.org/wiki/Special:FilePath/Forest%20Whitaker%20by%20Gage%20Skidmore.jpg,81
http://www.wikidata.org/entity/Q190386,http://commons.wikimedia.org/wiki/Special:FilePath/Rachel%20McAdams%20-%20Walk%20of%20Fame.jpg,92
http://www.wikidata.org/entity/Q193668,http://commons.wikimedia.org/wiki/Special:FilePath/Benicio%20del%20Toro-7624.jpg,74
http://www.wikidata.org/entity/Q206922,http://commons.wikimedia.org/wiki/Special:FilePath/Andy%20Serkis%20at%20MEGACON%20Orlando%202025.png,82
http://www.wikidata.org/entity/Q214227,http://commons.wikimedia.org/wiki/Special:FilePath/T.I.%202022%20Interview.png,51
http://www.wikidata.org/entity/Q228692,http://commons.wikimedia.org/wiki/Special:FilePath/Rosario%20Dawson%202025.jpg,52
http://www.wikidata.org/entity/Q232120,http://commons.wikimedia.org/wiki/Special:FilePath/Angela%20Bassett%20by%20Gage%20Skidmoe.jpg,68
http://www.wikidata.org/entity/Q235233,http://commons.wikimedia.org/wiki/Special:FilePath/Adriana%20Barraza%20.jpg,30
http://www.wikidata.org/entity/Q236189,http://commons.wikimedia.org/wiki/Special:FilePath/Judy%20Greer%20%2846810958364%29%20%28cropped%29.jpg,42
http://www.wikidata.org/entity/Q236475,http://commons.wikimedia.org/wiki/Special:FilePath/Olivia%20Munn%20in%202020%20%28cropped%29.jpg,48
http://www.wikidata.org/entity/Q241854,http://commons.wikimedia.org/wiki/Special:FilePath/Helena%20Mattsson%202015.jpeg,29
http://www.wikidata.org/entity/Q244674,http://commons.wikimedia.org/wiki/Special:FilePath/BCumberbatch%20Comic-Con%202019.jpg,89
http://www.wikidata.org/entity/Q261981,http://commons.wikimedia.org/wiki/Special:FilePath/Meera%20Syal%202017.png,20
http://www.wikidata.org/entity/Q271500,http://commons.wikimedia.org/wiki/Special:FilePath/Tessa%20Thompson%20at%20the%202025%20Toronto%20International%20Film%20Festival.%2003%20%28cropped%29.jpg,58
http://www.wikidata.org/entity/Q296928,http://commons.wikimedia.org/wiki/Special:FilePath/James%20Spader%20by%20Gage%20Skidmore.jpg,59
http://www.wikidata.org/entity/Q299282,http://commons.wikimedia.org/wiki/Special:FilePath/TomKenny.jpg,47
http://www.wikidata.org/entity/Q313306,http://commons.wikimedia.org/wiki/Special:FilePath/Lou%20Ferrigno%20during%20Ribbon%20Cutting%20at%20Galaxy%20Con%20Richmond%20%28cropped%29.jpg,39
http://www.wikidata.org/entity/Q314290,http://commons.wikimedia.org/wiki/Special:FilePath/HarryDeanStanton-1.jpg,51
http://www.wikidata.org/entity/Q342419,http://commons.wikimedia.org/wiki/Special:FilePath/Toby%20Jones%20-%20EmpireOfLightBFI121022%20%2830%20of%2033%29%20%2852448062684%29.jpg,40
http://www.wikidata.org/entity/Q359488,http://commons.wikimedia.org/wiki/Special:FilePath/Actor%20Michael%20Pena.jpg,51
http://www.wikidata.org/entity/Q360531,http://commons.wikimedia.org/wiki/Special:FilePath/Mahershala%20Ali%20%2829953410761%29.jpg,66
http://www.wikidata.org/entity/Q372311,http://commons.wikimedia.org/wiki/Special:FilePath/Glenn%20Close%20TIFF%202025%20%28cropped%29.jpg,82
http://www.wikidata.org/entity/Q428819,http://commons.wikimedia.org/wiki/Special:FilePath/Bobby%20Cannavale%20at%20the%202024%20Toronto%20International%20Film%20Festival%20%28cropped%29.jpg,45
http://www.wikidata.org/entity/Q510970,http://commons.wikimedia.org/wiki/Special:FilePath/Daniel%20Kaluuya%20by%20Gage%20Skidmore.jpg,55
http://www.wikidata.org/entity/Q614402,http://commons.wikimedia.org/wiki/Special:FilePath/Denzel%20Whitaker%20by%20Gage%20Skidmore.jpg,19
http://www.wikidata.org/entity/Q726130,http://commons.wikimedia.org/wiki/Special:FilePath/Martin%20Donovan.jpg,35
http://www.wikidata.org/entity/Q981913,http://commons.wikimedia.org/wiki/Special:FilePath/EricHaney.jpg,5
http://www.wikidata.org/entity/Q1139685,http://commons.wikimedia.org/wiki/Special:FilePath/Bokeem%20Woodbine.jpg,29
http://www.wikidata.org/entity/Q1321005,http://commons.wikimedia.org/wiki/Special:FilePath/Wood%20harris%20air%20force1.jpg,28
http://www.wikidata.org/entity/Q1429374,http://commons.wikimedia.org/wiki/Special:FilePath/Florence%20Kasumba%20at%20The%20Lion%20King%20European%20Premiere%202019.png,33
http://www.wikidata.org/entity/Q3116296,http://commons.wikimedia.org/wiki/Special:FilePath/Neil%20Hamburger.jpg,15
http://www.wikidata.org/entity/Q3295000,http://commons.wikimedia.org/wiki/Special:FilePath/Sterling%20K%20Brown%20-%20Paradise.jpg,37
http://www.wikidata.org/entity/Q3308007,http://commons.wikimedia.org/wiki/Special:FilePath/Michael%20B%20Jordan%20-%20Sinners%20%28cropped%29.jpg,61
http://www.wikidata.org/entity/Q3840847,http://commons.wikimedia.org/wiki/Special:FilePath/LupitaNyongo-byPhilipRomano3.jpg,78
http://www.wikidata.org/entity/Q4778206,http://commons.wikimedia.org/wiki/Special:FilePath/Anya%20Monzikova%202008.jpg,9
http://www.wikidata.org/entity/Q5362676,http://commons.wikimedia.org/wiki/Special:FilePath/Elizabeth%20Debicki%20by%20Gage%20Skidmore.jpg,48
http://www.wikidata.org/entity/Q7369490,http://commons.wikimedia.org/wiki/Special:FilePath/Ross%20Marquand%20%28cropped%29.jpg,27
http://www.wikidata.org/entity/Q7608723,http://commons.wikimedia.org/wiki/Special:FilePath/Stephen%20Blackehart.jpg,14
http://www.wikidata.org/entity/Q7611767,http://commons.wikimedia.org/wiki/Special:FilePath/Steve%20Agee%20by%20Gage%20Skidmore%203.jpg,21
http://www.wikidata.org/entity/Q15834608,http://commons.wikimedia.org/wiki/Special:FilePath/Maximiliano%20Hern%C3%A1ndez%202015.jpg,25
http://www.wikidata.org/entity/Q16203767,http://commons.wikimedia.org/wiki/Special:FilePath/David%20Dastmalchian%20-%20Creep%20I.E.%20Con%202026.jpg,33
http://www.wikidata.org/entity/Q16213557,http://commons.wikimedia.org/wiki/Special:FilePath/Rachel%20House%20by%20Gage%20Skidmore.jpg,18
http://www.wikidata.org/entity/Q16221878,http://commons.wikimedia.org/wiki/Special:FilePath/Gabriel%20Luna%20at%20CCBP%202025.jpg,30
http://www.wikidata.org/entity/Q16240563,http://commons.wikimedia.org/wiki/Special:FilePath/Emma%20Fuhrmann%202012.jpg,24
http://www.wikidata.org/entity/Q16828132,http://commons.wikimedia.org/wiki/Special:FilePath/Costa%20Ronin%202015.jpg,13
http://www.wikidata.org/entity/Q20630818,http://commons.wikimedia.org/wiki/Special:FilePath/Michael%20Chernus%20at%20the%202024%20Toronto%20Film%20Festival%2006.jpg,22
http://www.wikidata.org/entity/Q20675767,http://commons.wikimedia.org/wiki/Special:FilePath/Joe%20Russo.jpg,8
http://www.wikidata.org/entity/Q20740858,http://commons.wikimedia.org/wiki/Special:FilePath/AbbyRyderFortson.jpg,26
http://www.wikidata.org/entity/Q23894602,http://commons.wikimedia.org/wiki/Special:FilePath/Laura%20Harrier%20by%20Gage%20Skidmore.jpg,36
http://www.wikidata.org/entity/Q26213909,http://commons.wikimedia.org/wiki/Special:FilePath/Jacob%20Batalon%20%2828035642754%29%20%28cropped%29.jpg,42
http://www.wikidata.org/entity/Q27045579,http://commons.wikimedia.org/wiki/Special:FilePath/Winston%20Duke%20by%20Gage%20Skidmore.jpg,33
http://www.wikidata.org/entity/Q27489535,http://commons.wikimedia.org/wiki/Special:FilePath/Letitia%20Wright%20by%20Gage%20Skidmore.jpg,48
http://www.wikidata.org/entity/Q65978332,http://commons.wikimedia.org/wiki/Special:FilePath/Madeleine%20McGraw%20at%2053rd%20Saturn%20Awards%202026.jpg,19
http://www.wikidata.org/entity/Q13909,http://commons.wikimedia.org/wiki/Special:FilePath/Angelina%20Jolie-643531%20%28cropped%29.jpg,171
http://www.wikidata.org/entity/Q29328,http://commons.wikimedia.org/wiki/Special:FilePath/Captain%20Marvel%20trailer%20at%20the%20National%20Air%20and%20Space%20Museum%204%20%28cropped%29.jpg,89
http://www.wikidata.org/entity/Q40026,http://commons.wikimedia.org/wiki/Special:FilePath/Sylvester%20Stallone%20Cannes%202019.jpg,125
http://www.wikidata.org/entity/Q41396,http://commons.wikimedia.org/wiki/Special:FilePath/Josh%20Brolin%20TIFF%202025%20%28cropped%29.jpg,65
http://www.wikidata.org/entity/Q51530,http://commons.wikimedia.org/wiki/Special:FilePath/Jerzy%20Skolimowski.jpg,41
http://www.wikidata.org/entity/Q57614,http://commons.wikimedia.org/wiki/Special:FilePath/Thomas%20Kretschmann%20in%20March%202012.jpg,46
http://www.wikidata.org/entity/Q59215,http://commons.wikimedia.org/wiki/Special:FilePath/Robert%20Redford%20%28cropped%29.jpg,97
http://www.wikidata.org/entity/Q103343,http://commons.wikimedia.org/wiki/Special:FilePath/Jennifer%20Connelly%202010%20TIFF.jpg,89
http://www.wikidata.org/entity/Q110374,http://commons.wikimedia.org/wiki/Special:FilePath/Bill%20Paxton%20by%20Gage%20Skidmore.jpg,66
http://www.wikidata.org/entity/Q125106,http://commons.wikimedia.org/wiki/Special:FilePath/MKr383631%20Salma%20Hayek%20%28Women%20In%20Motion%2C%20Cannes%202025%29%20crop.jpg,105
http://www.wikidata.org/entity/Q133313,http://commons.wikimedia.org/wiki/Special:FilePath/Jake%20Gyllenhaal%202019%20by%20Glenn%20Francis.jpg,84
http://www.wikidata.org/entity/Q134133,http://commons.wikimedia.org/wiki/Special:FilePath/Tommy%20Flanagan%20by%20Gage%20Skidmore.jpg,29
http://www.wikidata.org/entity/Q144643,http://commons.wikimedia.org/wiki/Special:FilePath/Shaun%20Toub%202011%20cropped.jpg,34
http://www.wikidata.org/entity/Q150482,http://commons.wikimedia.org/wiki/Special:FilePath/JK%20Simmons%20at%20the%202024%20Toronto%20International%20Film%20Festival%20%28cropped%29.jpg,66
http://www.wikidata.org/entity/Q168763,http://commons.wikimedia.org/wiki/Special:FilePath/Liv%20Tyler%20%282016%29%20%28cropped%29.jpg,82
http://www.wikidata.org/entity/Q170587,http://commons.wikimedia.org/wiki/Special:FilePath/Tommy%20Lee%20Jones%202017.jpg,82
http://www.wikidata.org/entity/Q174843,http://commons.wikimedia.org/wiki/Special:FilePath/Jeff%20Bridges%20by%20Gage%20Skidmore%203.jpg,85
http://www.wikidata.org/entity/Q181806,http://commons.wikimedia.org/wiki/Special:FilePath/Richard%20Armitage%202014%20%28cropped%29.jpg,43
http://www.wikidata.org/entity/Q186757,http://commons.wikimedia.org/wiki/Special:FilePath/Seth%20Green%20at%20San%20Diego%20Comic%20Con%202026-3%20%28cropped%29.jpg,50
http://www.wikidata.org/entity/Q193048,http://commons.wikimedia.org/wiki/Special:FilePath/Laurence%20Fishburne%20at%2053rd%20Saturn%20Awards%202026.jpg,76
http://www.wikidata.org/entity/Q200566,http://commons.wikimedia.org/wiki/Special:FilePath/Cobie%20Smulders%20by%20Gage%20Skidmore%202.jpg,71
http://www.wikidata.org/entity/Q203804,http://commons.wikimedia.org/wiki/Special:FilePath/Tim%20Roth%20by%20Gage%20Skidmore%202.jpg,64
http://www.wikidata.org/entity/Q214289,http://commons.wikimedia.org/wiki/Special:FilePath/Michelle%20Yeoh-2268.jpg,76
http://www.wikidata.org/entity/Q223110,http://commons.wikimedia.org/wiki/Special:FilePath/JohnCReillyJune09.jpg,63
http://www.wikidata.org/entity/Q223117,http://commons.wikimedia.org/wiki/Special:FilePath/ConclaveBFILFF101024%20%289%20of%2044%29%20%2854062519935%29%20%28cropped%29.jpg,62
http://www.wikidata.org/entity/Q223745,http://commons.wikimedia.org/wiki/Special:FilePath/Crew%20members%20of%20the%20movie%20%22Genius%22%20at%20the%20Berlinale%20party%20%2825036107966%29%20%28cropped%29.jpg,61
http://www.wikidata.org/entity/Q230534,http://commons.wikimedia.org/wiki/Special:FilePath/Rebecca%20Hall%20%282024%29%20%28cropped%29.jpg,57
http://www.wikidata.org/entity/Q234883,http://commons.wikimedia.org/wiki/Special:FilePath/Jenny%20Agutter%20%282%29.jpg,40
http://www.wikidata.org/entity/Q236479,http://commons.wikimedia.org/wiki/Special:FilePath/2008%2010%2010%20Alice%20Krige%2001.jpg,41
http://www.wikidata.org/entity/Q236578,http://commons.wikimedia.org/wiki/Special:FilePath/Lizzy%20Caplan%20Montclair%202025.jpg,47
http://www.wikidata.org/entity/Q248179,http://commons.wikimedia.org/wiki/Special:FilePath/Ty%20Burrell%203%202014.jpg,41
http://www.wikidata.org/entity/Q294586,http://commons.wikimedia.org/wiki/Special:FilePath/Adewale%20Akinnuoye-Agbaje%20Thor%202%20cropped.png,54
http://www.wikidata.org/entity/Q294647,http://commons.wikimedia.org/wiki/Special:FilePath/Mads%20Mikkelsen%20at%2082nd%20Venice%20International%20Film%20Festival%20%28cropped%29.jpg,72
http://www.wikidata.org/entity/Q298682,http://commons.wikimedia.org/wiki/Special:FilePath/Djimon%20Hounsou%20push%20premiere%20%28cropped%29.jpg,58
http://www.wikidata.org/entity/Q310315,http://commons.wikimedia.org/wiki/Special:FilePath/Ving%20Rhames%202010%20%284710601891%29%20%28cropped%29.jpg,51
http://www.wikidata.org/entity/Q310937,http://commons.wikimedia.org/wiki/Special:FilePath/Peter%20Dinklage%20by%20Gage%20Skidmore%202.jpg,90
http://www.wikidata.org/entity/Q311613,http://commons.wikimedia.org/wiki/Special:FilePath/Michael%20Rosenbaum%20Photo%20Op%20GalaxyCon%20Richmond%202020.jpg,42
http://www.wikidata.org/entity/Q312380,http://commons.wikimedia.org/wiki/Special:FilePath/Christopher%20Eccleston%20GalaxyCon%20Minneapolis%202019%20%28cropped%29.jpg,44
http://www.wikidata.org/entity/Q319001,http://commons.wikimedia.org/wiki/Special:FilePath/Tony%20Leung%20as%20the%20President%20of%20the%20International%20Competition%20Jury%20at%20Opening%20Ceremony%20of%20the%20Tokyo%20International%20Film%20Festival%202024%20%2854578353950%29.jpg,41
http://www.wikidata.org/entity/Q320052,http://commons.wikimedia.org/wiki/Special:FilePath/Vincent%20D%27Onofrio%20GalaxyCon%20Nashville%20052026-4.jpg,48
http://www.wikidata.org/entity/Q350194,http://commons.wikimedia.org/wiki/Special:FilePath/Alan%20DaleRev3.jpg,33
http://www.wikidata.org/entity/Q356271,http://commons.wikimedia.org/wiki/Special:FilePath/Georges%20St-Pierre%20crop.jpg,40
http://www.wikidata.org/entity/Q366322,http://commons.wikimedia.org/wiki/Special:FilePath/Alexis%20Denisof%20at%20San%20Diego%20Comic%20Con%202026.jpg,30
http://www.wikidata.org/entity/Q391359,http://commons.wikimedia.org/wiki/Special:FilePath/David%20Harbour%20by%20Gage%20Skidmore%202.jpg,55
http://www.wikidata.org/entity/Q445125,http://commons.wikimedia.org/wiki/Special:FilePath/Neal%20McDonough%20-%20LACC%202021.jpg,38
http://www.wikidata.org/entity/Q451974,http://commons.wikimedia.org/wiki/Special:FilePath/James%20Badge%20Dale.jpg,33
http://www.wikidata.org/entity/Q498374,http://commons.wikimedia.org/wiki/Special:FilePath/Don%20Lee%20by%20Gage%20Skidmore.jpg,38
http://www.wikidata.org/entity/Q510848,http://commons.wikimedia.org/wiki/Special:FilePath/Richard%20Madden%20by%20Gage%20Skidmore%202.jpg,55
http://www.wikidata.org/entity/Q515095,http://commons.wikimedia.org/wiki/Special:FilePath/Tim%20Blake%20Nelson%20Leaves%20of%20Grass%20Premiere.jpg,39
http://www.wikidata.org/entity/Q516690,http://commons.wikimedia.org/wiki/Special:FilePath/Walton%20Goggins.jpg,41
http://www.wikidata.org/entity/Q648897,http://commons.wikimedia.org/wiki/Special:FilePath/NABJ%202013%20-%20Orlando%20%289451924600%29.jpg,29
http://www.wikidata.org/entity/Q711054,http://commons.wikimedia.org/wiki/Special:FilePath/Tony%20Curran%20-%20Defiance%20Panel%20%28cropped%29.jpg,27
http://www.wikidata.org/entity/Q717194,http://commons.wikimedia.org/wiki/Special:FilePath/James%20DArcy%20%288008892914%29.jpg,32
http://www.wikidata.org/entity/Q1102002,http://commons.wikimedia.org/wiki/Special:FilePath/Clive-russell-2018%20%28cropped-J2%29.jpg,21
http://www.wikidata.org/entity/Q1239933,http://commons.wikimedia.org/wiki/Special:FilePath/Donald%20Glover%20TIFF%202015.jpg,57
http://www.wikidata.org/entity/Q1253845,http://commons.wikimedia.org/wiki/Special:FilePath/J.%20August%20Richards%202012.jpg,23
http://www.wikidata.org/entity/Q1807757,http://commons.wikimedia.org/wiki/Special:FilePath/Laura%20Haddock%20at%20BAFTAs%202026%2001.jpg,37
http://www.wikidata.org/entity/Q1919294,http://commons.wikimedia.org/wiki/Special:FilePath/Melia%20Kreiling%20on%20RealTVfilms.jpg,16
http://www.wikidata.org/entity/Q2892219,http://commons.wikimedia.org/wiki/Special:FilePath/Romy%20Rosemont%20by%20Gage%20Skidmore.jpg,15
http://www.wikidata.org/entity/Q3308101,http://commons.wikimedia.org/wiki/Special:FilePath/Sweeney%20Todd%20with%20Michael%20Cerveris%20cropped.jpg,14
http://www.wikidata.org/entity/Q3453629,http://commons.wikimedia.org/wiki/Special:FilePath/Ruth%20Negga%20by%20Gage%20Skidmore%203.jpg,47
http://www.wikidata.org/entity/Q6443390,http://commons.wikimedia.org/wiki/Special:FilePath/KumailAliNanjiani.jpg,37
http://www.wikidata.org/entity/Q7291588,http://commons.wikimedia.org/wiki/Special:FilePath/Randall%20Park%20-%20Girl%20Group%20-%20TIFF%202026.jpg,33
http://www.wikidata.org/entity/Q7704857,http://commons.wikimedia.org/wiki/Special:FilePath/Terry%20Notary%202018%20%28cropped%29.jpg,18
http://www.wikidata.org/entity/Q7801211,http://commons.wikimedia.org/wiki/Special:FilePath/Tiffany%20Espensen%20on%20Red%20Carpet%20Report%20%28cropped%29.jpg,20
http://www.wikidata.org/entity/Q16232660,http://commons.wikimedia.org/wiki/Special:FilePath/Hannah%20John-Kamen%20MTV%20International%202018%20%28cropped%29.jpg,32
http://www.wikidata.org/entity/Q17317909,http://commons.wikimedia.org/wiki/Special:FilePath/Carrie%20Coon%20portrait%20at%20TIFF%202026.jpg,38
http://www.wikidata.org/entity/Q20752077,http://commons.wikimedia.org/wiki/Special:FilePath/McKenna%20Grace%20at%20WWD%20Style%20Awards%202026.jpg,45
http://www.wikidata.org/entity/Q21196625,http://commons.wikimedia.org/wiki/Special:FilePath/Chris%20Sullivan.jpg,25
http://www.wikidata.org/entity/Q24004849,http://commons.wikimedia.org/wiki/Special:FilePath/Simu%20Liu%20by%20Gage%20Skidmore.jpg,36
http://www.wikidata.org/entity/Q24034671,http://commons.wikimedia.org/wiki/Special:FilePath/Angourie%20Rice%20-%20Finding%20Emily.jpg,34
http://www.wikidata.org/entity/Q24704244,http://commons.wikimedia.org/wiki/Special:FilePath/VENGEANCE%20I%20Official%20Trailer%20Isabella%20Amara.png,10
http://www.wikidata.org/entity/Q26924801,http://commons.wikimedia.org/wiki/Special:FilePath/Brian%20Tyree%20Henry%20by%20Gage%20Skidmore.jpg,36
http://www.wikidata.org/entity/Q54400820,http://commons.wikimedia.org/wiki/Special:FilePath/Lauren%20Ridloff%202018-05-27.jpg,32
http://www.wikidata.org/entity/Q65768597,http://commons.wikimedia.org/wiki/Special:FilePath/Lia%20McHugh%20by%20Gage%20Skidmore.jpg,29
http://www.wikidata.org/entity/Q23365,http://commons.wikimedia.org/wiki/Special:FilePath/Jeremy%20Renner%20at%20TIFF%202025%20%28cropped%29.jpg,126
http://www.wikidata.org/entity/Q34436,http://commons.wikimedia.org/wiki/Special:FilePath/Scarlett%20Johansson-8588.jpg,155
http://www.wikidata.org/entity/Q34460,http://commons.wikimedia.org/wiki/Special:FilePath/Gwyneth%20Paltrow%20avp%20Iron%20Man%203%20Paris.jpg,131
http://www.wikidata.org/entity/Q37876,http://commons.wikimedia.org/wiki/Special:FilePath/NataliePortman.jpg,136
http://www.wikidata.org/entity/Q44158,http://commons.wikimedia.org/wiki/Special:FilePath/Batista%20in%20March%202019.jpg,68
http://www.wikidata.org/entity/Q54314,http://commons.wikimedia.org/wiki/Special:FilePath/Chris%20Hemsworth%20-%20Crime%20101.jpg,93
http://www.wikidata.org/entity/Q58592,http://commons.wikimedia.org/wiki/Special:FilePath/MJK%2068238%20Daniel%20Br%C3%BChl%20%28Berlinale%202020%29.jpg,58
http://www.wikidata.org/entity/Q65932,http://commons.wikimedia.org/wiki/Special:FilePath/Anthony%20Hopkins%20Red%20Sea%20Festival%202025%20Portrait.jpg,120
http://www.wikidata.org/entity/Q81328,http://commons.wikimedia.org/wiki/Special:FilePath/Harrison%20Ford%20-%20Televerse%202025-03.jpg,116
http://www.wikidata.org/entity/Q105825,http://commons.wikimedia.org/wiki/Special:FilePath/History%20of%20Violence%20002%20%287271227040%29.jpg,74
http://www.wikidata.org/entity/Q113206,http://commons.wikimedia.org/wiki/Special:FilePath/ClarkGreggTIFFSept2012.jpg,51
http://www.wikidata.org/entity/Q139638,http://commons.wikimedia.org/wiki/Special:FilePath/Zachary%20Levi%20Comic-Con%202012.jpg,50
http://www.wikidata.org/entity/Q165219,http://commons.wikimedia.org/wiki/Special:FilePath/Robert%20Downey%20Jr%202014%20Comic%20Con%20%28cropped%29.jpg,112
http://www.wikidata.org/entity/Q172678,http://commons.wikimedia.org/wiki/Special:FilePath/SamuelLJackson.jpg,98
http://www.wikidata.org/entity/Q178166,http://commons.wikimedia.org/wiki/Special:FilePath/Vin%20Diesel%202013.jpg,106
http://www.wikidata.org/entity/Q178348,http://commons.wikimedia.org/wiki/Special:FilePath/Chris%20Evans%20Red%202024.jpg,99
http://www.wikidata.org/entity/Q178552,http://commons.wikimedia.org/wiki/Special:FilePath/Mickey%20Rourke%2010%20December%202010%20%28cropped%29.jpeg,68
http://www.wikidata.org/entity/Q189489,http://commons.wikimedia.org/wiki/Special:FilePath/Zendaya-byPhilipRomano.jpg,102
http://www.wikidata.org/entity/Q190162,http://commons.wikimedia.org/wiki/Special:FilePath/Zoe%20Salda%C3%B1a%20at%20the%202024%20Toronto%20International%20Film%20Festival%20%28cropped%29.jpg,81
http://www.wikidata.org/entity/Q191828,http://commons.wikimedia.org/wiki/Special:FilePath/Marisa%20Tomei%20Photo%20Op%20GalaxyCon%20Raleigh%202024%20%28cropped%29.jpg,65
http://www.wikidata.org/entity/Q200534,http://commons.wikimedia.org/wiki/Special:FilePath/Tilda%20Swinton%20at%20the%202025%20Berlin%20International%20Film%20Festival-3234.jpg,72
http://www.wikidata.org/entity/Q208667,http://commons.wikimedia.org/wiki/Special:FilePath/Stellan%20Skarsg%C3%A5rd-9707%20%28cropped%29.jpg,65
http://www.wikidata.org/entity/Q229612,http://commons.wikimedia.org/wiki/Special:FilePath/Rene%20Russo%201996.jpg,56
http://www.wikidata.org/entity/Q231751,http://commons.wikimedia.org/wiki/Special:FilePath/Kat%20Dennings%20-%20The%2040-Year-Old-Virgin.jpg,59
http://www.wikidata.org/entity/Q233216,http://commons.wikimedia.org/wiki/Special:FilePath/Emily%20VanCamp%20at%20Televerse%202026.jpg,47
http://www.wikidata.org/entity/Q234644,http://commons.wikimedia.org/wiki/Special:FilePath/ElizabethOlsen-TIFF2025-02.png,79
http://www.wikidata.org/entity/Q234959,http://commons.wikimedia.org/wiki/Special:FilePath/Hayley%20Atwell%202025%20%28crop%29.jpg,58
http://www.wikidata.org/entity/Q236399,http://commons.wikimedia.org/wiki/Special:FilePath/Hope%20Davis%202010%20%28facecrop%29.jpg,41
http://www.wikidata.org/entity/Q239453,http://commons.wikimedia.org/wiki/Special:FilePath/Leslie%20Bibb%202011%20Shankbone.JPG,43
http://www.wikidata.org/entity/Q242707,http://commons.wikimedia.org/wiki/Special:FilePath/Paul%20Bettany%20-%20Los%20Angeles%20Comic%20Con%202025.jpg,64
http://www.wikidata.org/entity/Q253343,http://commons.wikimedia.org/wiki/Special:FilePath/Jaimie%20Alexander%2C%20London%2C%202013%20%28tone%29.jpg,47
http://www.wikidata.org/entity/Q254205,http://commons.wikimedia.org/wiki/Special:FilePath/Ming-Na%20Wen%20Photo%20Op%20GalaxyCon%20Richmond%202026%20%28cropped2%29.jpg,50
http://www.wikidata.org/entity/Q272019,http://commons.wikimedia.org/wiki/Special:FilePath/DonCheadle-byPhilipRomano.jpg,69
http://www.wikidata.org/entity/Q276525,http://commons.wikimedia.org/wiki/Special:FilePath/Paul%20Rudd%20and%20Kate%20Mara%20at%20the%202024%20Toronto%20International%20Film%20Festival%208%20%28cropped%29.jpg,78
http://www.wikidata.org/entity/Q295803,http://commons.wikimedia.org/wiki/Special:FilePath/Tom%20Hiddleston%20at%20the%202024%20Toronto%20International%20Film%20Festival%20%28cropped%29.jpg,80
http://www.wikidata.org/entity/Q295964,http://commons.wikimedia.org/wiki/Special:FilePath/Jon%20Favreau%202016.jpeg,62
http://www.wikidata.org/entity/Q296500,http://commons.wikimedia.org/wiki/Special:FilePath/Terrence%20Howard%20-%20Monte-Carlo.jpg,57
http://www.wikidata.org/entity/Q309486,http://commons.wikimedia.org/wiki/Special:FilePath/Martin%20Freeman-5341.jpg,66
http://www.wikidata.org/entity/Q316446,http://commons.wikimedia.org/wiki/Special:FilePath/Sam%20Rockwell%20Talk%20Easy%20%28cropped%29.jpg,64
http://www.wikidata.org/entity/Q317343,http://commons.wikimedia.org/wiki/Special:FilePath/Chiwetel%20Ejiofor%20at%20the%202024%20Toronto%20International%20Film%20Festival%20%28cropped%29.jpg,63
http://www.wikidata.org/entity/Q317761,http://commons.wikimedia.org/wiki/Special:FilePath/Dominic%20Cooper%20by%20Gage%20Skidmore.jpg,46
http://www.wikidata.org/entity/Q342604,http://commons.wikimedia.org/wiki/Special:FilePath/Idris%20Elba%20in%202024%20%28cropped%29.jpg,86
http://www.wikidata.org/entity/Q371972,http://commons.wikimedia.org/wiki/Special:FilePath/FaranTahirByPhilKonstantin2.jpg,21
http://www.wikidata.org/entity/Q372947,http://commons.wikimedia.org/wiki/Special:FilePath/Ray%20Stevenson%20March%2018%2C%202014%20%28cropped%29.jpg,39
http://www.wikidata.org/entity/Q374346,http://commons.wikimedia.org/wiki/Special:FilePath/JohnSlattery08.jpg,43
http://www.wikidata.org/entity/Q379824,http://commons.wikimedia.org/wiki/Special:FilePath/Asano%20Tadanobu%20from%20%22Ravens%22%20at%20Red%20Carpet%20of%20the%20Tokyo%20International%20Film%20Festival%202024%20%2854577962659%29.jpg,33
http://www.wikidata.org/entity/Q438445,http://commons.wikimedia.org/wiki/Special:FilePath/Michael%20Stuhlbarg%20at%20Artios.jpg,39
http://www.wikidata.org/entity/Q449679,http://commons.wikimedia.org/wiki/Special:FilePath/Colm%20Feore%20at%20the%202013%20Canadian%20Film%20Centre%20Annual%20Gala%20%26%20Auction.jpg,35
http://www.wikidata.org/entity/Q455898,http://commons.wikimedia.org/wiki/Special:FilePath/Sebastian%20Stan%20at%20the%202026%20Cannes%20Film%20Festival%2005%20%28cropped%29.jpg,58
http://www.wikidata.org/entity/Q469145,http://commons.wikimedia.org/wiki/Special:FilePath/Peter%20Mensah%20Comic-Con%202009.jpg,31
http://www.wikidata.org/entity/Q503706,http://commons.wikimedia.org/wiki/Special:FilePath/Chris%20Pratt%202018.jpg,127
http://www.wikidata.org/entity/Q511554,http://commons.wikimedia.org/wiki/Special:FilePath/2025%20Anthony%20Mackie%20%28cropped%29.jpg,55
http://www.wikidata.org/entity/Q526620,http://commons.wikimedia.org/wiki/Special:FilePath/Alfre%20Woodard%20-%202019%2002.jpg,50
http://www.wikidata.org/entity/Q714261,http://commons.wikimedia.org/wiki/Special:FilePath/Joshua%20Dallas%202011-02%20cropped.jpg,38
http://www.wikidata.org/entity/Q788586,http://commons.wikimedia.org/wiki/Special:FilePath/Tim%20Guinee%20by%20Gage%20Skidmore%20%28cropped%29.jpg,20
http://www.wikidata.org/entity/Q862481,http://commons.wikimedia.org/wiki/Special:FilePath/Bill%20Smitrovich%20thumbs%20up%20at%20Schriever%20AFB.jpg,20
http://www.wikidata.org/entity/Q918616,http://commons.wikimedia.org/wiki/Special:FilePath/Frank%20Grillo%20by%20Gage%20Skidmore%202.jpg,43
http://www.wikidata.org/entity/Q1189102,http://commons.wikimedia.org/wiki/Special:FilePath/Nazanin%20Boniadi%20speaking%20in%20a%20conversation%20on%20women%E2%80%99s%20rights%20in%20Iran%20at%20the%20Georgetown%20Institute%20for%20Women%2C%20Peace%20and%20Security%20-%205%20December%202018%20%28cropped%29.jpg,35
http://www.wikidata.org/entity/Q1374481,http://commons.wikimedia.org/wiki/Special:FilePath/GarryShandlingApr2011.jpg,85
http://www.wikidata.org/entity/Q1429065,http://commons.wikimedia.org/wiki/Special:FilePath/Sayed%20Badreya%202009.jpg,13
http://www.wikidata.org/entity/Q2023710,http://commons.wikimedia.org/wiki/Special:FilePath/TomHolland-byPhilipRomano.jpg,118
http://www.wikidata.org/entity/Q3042392,http://commons.wikimedia.org/wiki/Special:FilePath/D%C3%A9bora%20Nascimento%20at%20the%2083rd%20Venice%20International%20Film%20Festival%20%22Hombre%20al%20agua%22%20premiere.jpg,13
http://www.wikidata.org/entity/Q3119298,http://commons.wikimedia.org/wiki/Special:FilePath/2026%20Gugu%20Mbatha-Raw%20-%20%28cropped%29.jpg,38
http://www.wikidata.org/entity/Q3329808,http://commons.wikimedia.org/wiki/Special:FilePath/Benedict%20Wong%20%2828352087500%29%20%28cropped%29.jpg,43
http://www.wikidata.org/entity/Q3376457,http://commons.wikimedia.org/wiki/Special:FilePath/Peter%20Billingsley%20at%20ATX%20TV%20Festival%202014%20Sullivan%20and%20Son.jpg,23
http://www.wikidata.org/entity/Q4695717,http://commons.wikimedia.org/wiki/Special:FilePath/Ahmed%20Ahmed%202010%20Tribeca%20FF%20Shankbone.jpg,11
http://www.wikidata.org/entity/Q4812771,http://commons.wikimedia.org/wiki/Special:FilePath/Atandwa%20Kani%20-%20Actor%20%28Black%20Panther%29%202.jpg,11
http://www.wikidata.org/entity/Q5066520,http://commons.wikimedia.org/wiki/Special:FilePath/Chadwick%20Boseman%20by%20Gage%20Skidmore%20July%202017%20%28cropped%29.jpg,81
http://www.wikidata.org/entity/Q5907683,http://commons.wikimedia.org/wiki/Special:FilePath/Iain%20De%20Caestecker%20by%20Gage%20Skidmore%202.jpg,25
http://www.wikidata.org/entity/Q6242471,http://commons.wikimedia.org/wiki/Special:FilePath/John%20Kani%202015.jpg,29
http://www.wikidata.org/entity/Q14566609,http://commons.wikimedia.org/wiki/Special:FilePath/Elizabeth%20Henstridge%20-%20PaleyFest%202014.jpg,30
http://www.wikidata.org/entity/Q16237562,http://commons.wikimedia.org/wiki/Special:FilePath/Tony%20Revolori%20by%20Gage%20Skidmore.jpg,37
http://www.wikidata.org/entity/Q23011121,http://commons.wikimedia.org/wiki/Special:FilePath/Ever%20Anderson-3819.jpg,26
http://www.wikidata.org/entity/Q23750145,http://commons.wikimedia.org/wiki/Special:FilePath/Kevin%20Foster%20%2854976765658%29.jpg,0
http://www.wikidata.org/entity/Q23928895,http://commons.wikimedia.org/wiki/Special:FilePath/Ariana%20Greenblatt%20%2853673183863%29%20cropped.jpg,31
http://www.wikidata.org/entity/Q26703281,http://commons.wikimedia.org/wiki/Special:FilePath/Wyatt%20Oleff%202018.jpg,24
http://www.wikidata.org/entity/Q45827,http://commons.wikimedia.org/wiki/Special:FilePath/Stephanie%20Szostak%202014.jpg,26
http://www.wikidata.org/entity/Q110462,http://commons.wikimedia.org/wiki/Special:FilePath/Julie%20Delpy%20%282019%29.jpg,63
http://www.wikidata.org/entity/Q152542,http://commons.wikimedia.org/wiki/Special:FilePath/William%20Sadler%202019.jpg,37
http://www.wikidata.org/entity/Q190602,http://commons.wikimedia.org/wiki/Special:FilePath/Annette%20Bening%202011%20AA%20%28revised%29.jpg,72
http://www.wikidata.org/entity/Q234204,http://commons.wikimedia.org/wiki/Special:FilePath/Linda%20Cardellini%20%282019%29.jpg,47
http://www.wikidata.org/entity/Q236839,http://commons.wikimedia.org/wiki/Special:FilePath/Natalie%20Dormer%20by%20Gage%20Skidmore%202.jpg,59
http://www.wikidata.org/entity/Q255651,http://commons.wikimedia.org/wiki/Special:FilePath/Tyne%20Daly%20at%20the%202009%20Tribeca%20Film%20Festival.jpg,38
http://www.wikidata.org/entity/Q273403,http://commons.wikimedia.org/wiki/Special:FilePath/Jenna%20Coleman%20at%20Gallifrey%20One%202025.jpg,44
http://www.wikidata.org/entity/Q273474,http://commons.wikimedia.org/wiki/Special:FilePath/Branka%20Katic%20LQ.jpg,22
http://www.wikidata.org/entity/Q320073,http://commons.wikimedia.org/wiki/Special:FilePath/David%20Bradley%20%2854514383222%29.jpg,32
http://www.wikidata.org/entity/Q350589,http://commons.wikimedia.org/wiki/Special:FilePath/Adam%20Pally%20cropped.jpg,22
http://www.wikidata.org/entity/Q450219,http://commons.wikimedia.org/wiki/Special:FilePath/Garcelle%20Beauvais%20by%20Gage%20Skidmore.jpg,27
http://www.wikidata.org/entity/Q463497,http://commons.wikimedia.org/wiki/Special:FilePath/Miguel%20Ferrer%202015.jpg,50
http://www.wikidata.org/entity/Q472084,http://commons.wikimedia.org/wiki/Special:FilePath/LoganMarshallGreen-byPhilipRomano.jpg,34
http://www.wikidata.org/entity/Q487548,http://commons.wikimedia.org/wiki/Special:FilePath/Anatole%20Taubman.jpg,12
http://www.wikidata.org/entity/Q705522,http://commons.wikimedia.org/wiki/Special:FilePath/Hiro%20Sanada.png,42
http://www.wikidata.org/entity/Q716343,http://commons.wikimedia.org/wiki/Special:FilePath/Martin%20Starr%20by%20Gage%20Skidmore.jpg,37
http://www.wikidata.org/entity/Q723256,http://commons.wikimedia.org/wiki/Special:FilePath/Peter%20Serafinowicz%20-%20Guardians%20of%20the%20Galaxy%20premiere%20-%20July%202014%20%28cropped%29.jpg,29
http://www.wikidata.org/entity/Q816565,http://commons.wikimedia.org/wiki/Special:FilePath/Ben%20Mendelsohn%202012.jpg,39
http://www.wikidata.org/entity/Q822780,http://commons.wikimedia.org/wiki/Special:FilePath/Bernard%20White%20by%20Gage%20Skidmore.jpg,12
http://www.wikidata.org/entity/Q923265,http://commons.wikimedia.org/wiki/Special:FilePath/The%20Peripheral%20NYCC%202022%2020.jpg,19
http://www.wikidata.org/entity/Q932490,http://commons.wikimedia.org/wiki/Special:FilePath/Callan%20Mulvey%202013%20%28cropped%29.jpg,25
http://www.wikidata.org/entity/Q933129,http://commons.wikimedia.org/wiki/Special:FilePath/Chris%20O%27Dowd%20at%20British%20Comedy%20Awards%20%28cropped%29.jpg,30
http://www.wikidata.org/entity/Q938855,http://commons.wikimedia.org/wiki/Special:FilePath/Ng%20Chin%20Han%20%26%20Hannah%20Quinlivan%202018.jpg,19
http://www.wikidata.org/entity/Q961876,http://commons.wikimedia.org/wiki/Special:FilePath/Michael%20Brandon%20William%20Devane%20Red%20Alert%201977.jpg,24
http://www.wikidata.org/entity/Q1108456,http://commons.wikimedia.org/wiki/Special:FilePath/Colin%20Ford%20SDCC%202014%20%28cropped%29.jpg,32
http://www.wikidata.org/entity/Q2415122,http://commons.wikimedia.org/wiki/Special:FilePath/TV%20on%20the%20Radio%20live%2020040913.jpg,22
http://www.wikidata.org/entity/Q2487180,http://commons.wikimedia.org/wiki/Special:FilePath/Dale%20Dickey%20%282018%20crop%29.jpg,22
http://www.wikidata.org/entity/Q2658535,http://commons.wikimedia.org/wiki/Special:FilePath/Selenis%20Leyva.jpg,19
http://www.wikidata.org/entity/Q3132807,http://commons.wikimedia.org/wiki/Special:FilePath/Woman%20In%20Gold%20New%20York%20premiere%20with%20Corduner%20and%20Sorola.jpg,14
http://www.wikidata.org/entity/Q3788246,http://commons.wikimedia.org/wiki/Special:FilePath/Claudia%20Kim%20in%20August%202024%2002.png,35
http://www.wikidata.org/entity/Q3938329,http://commons.wikimedia.org/wiki/Special:FilePath/Robert%20Kazinsky%202013.jpg,21
http://www.wikidata.org/entity/Q4888357,http://commons.wikimedia.org/wiki/Special:FilePath/Actor%20Benjamin%20Byron%20Davis%20PCX%20Austin%202026.jpg,17
http://www.wikidata.org/entity/Q5584439,http://commons.wikimedia.org/wiki/Special:FilePath/Goran%20Kosti%C4%87.jpg,10
http://www.wikidata.org/entity/Q5649155,http://commons.wikimedia.org/wiki/Special:FilePath/7.29.12HannibalBuressByEzmosis.jpg,28
http://www.wikidata.org/entity/Q5712216,http://commons.wikimedia.org/wiki/Special:FilePath/Hemky%20Madera%20at%20Queen%20of%20the%20South%20at%20ATX.jpg,10
http://www.wikidata.org/entity/Q6790916,http://commons.wikimedia.org/wiki/Special:FilePath/Matthew%20Maher%20by%20Gage%20Skidmore.jpg,8
http://www.wikidata.org/entity/Q6832484,http://commons.wikimedia.org/wiki/Special:FilePath/Michael%20Mando%20by%20Gage%20Skidmore.jpg,31
http://www.wikidata.org/entity/Q11998668,http://commons.wikimedia.org/wiki/Special:FilePath/Rune%20Temte.jpg,16
http://www.wikidata.org/entity/Q16225873,http://commons.wikimedia.org/wiki/Special:FilePath/Remy%20Hll%20%2839829198722%29.jpg,18
http://www.wikidata.org/entity/Q18707289,http://commons.wikimedia.org/wiki/Special:FilePath/Marek%20Main.jpg,4
http://www.wikidata.org/entity/Q20857836,http://commons.wikimedia.org/wiki/Special:FilePath/Sharon%20Blynn%202019%20by%20Glenn%20Francis.jpg,9
http://www.wikidata.org/entity/Q21004892,http://commons.wikimedia.org/wiki/Special:FilePath/Abraham%20Attah%20%28cropped%29.jpg,20
http://www.wikidata.org/entity/Q22680869,http://commons.wikimedia.org/wiki/Special:FilePath/Screenshot%20-%20Joe%20Chrest%20speaking%20at%20Stranger%20Things%204%20New%20York%20Premiere.jpg,11
http://www.wikidata.org/entity/Q22943994,http://commons.wikimedia.org/wiki/Special:FilePath/Jamie%20McShane.png,17
http://www.wikidata.org/entity/Q24704273,http://commons.wikimedia.org/wiki/Special:FilePath/Jorge%20Lendeborg%20Jr.%20by%20Gage%20Skidmore.jpg,22
http://www.wikidata.org/entity/Q26702637,http://commons.wikimedia.org/wiki/Special:FilePath/Dominique%20Provost-Chalkley%20GalaxyCon%20Columbus%202023%20%28B100054%29%20%28cropped%29.jpg,10
http://www.wikidata.org/entity/Q65996381,http://commons.wikimedia.org/wiki/Special:FilePath/Nabiyah%20Be.jpg,4
http://www.wikidata.org/entity/Q66120938,http://commons.wikimedia.org/wiki/Special:FilePath/Angela%20Russo-Otstot%202022.jpg,2
http://www.wikidata.org/entity/Q31293,http://commons.wikimedia.org/wiki/Special:FilePath/Vondie%20Curtis-Hall%20%2847364897561%29%20%28cropped%29.jpg,26
http://www.wikidata.org/entity/Q114179,http://commons.wikimedia.org/wiki/Special:FilePath/Scott%20Glenn%202011%20Shankbone.JPG,44
http://www.wikidata.org/entity/Q210547,http://commons.wikimedia.org/wiki/Special:FilePath/Aubrey%20Plaza%20at%20the%202024%20Cannes%20Film%20Festival%20%28head%20shot%29.jpg,54
http://www.wikidata.org/entity/Q232786,http://commons.wikimedia.org/wiki/Special:FilePath/Alice%20Eve%202011%20Comic%20Con%20%28headshot%29.jpg,46
http://www.wikidata.org/entity/Q232990,http://commons.wikimedia.org/wiki/Special:FilePath/Deborah%20Ann%20Woll%20%2853981726502%29.jpg,39
http://www.wikidata.org/entity/Q240206,http://commons.wikimedia.org/wiki/Special:FilePath/MargaritaLevievaJun09%20%28cropped%29.jpg,35
http://www.wikidata.org/entity/Q270324,http://commons.wikimedia.org/wiki/Special:FilePath/Patti%20LuPone%20Agatha%20All%20Along%20Premiere%20%28cropped%29.png,33
http://www.wikidata.org/entity/Q275967,http://commons.wikimedia.org/wiki/Special:FilePath/%D7%90%D7%99%D7%99%D7%9C%D7%AA%20%D7%96%D7%95%D7%A8%D7%A8.png,36
http://www.wikidata.org/entity/Q313039,http://commons.wikimedia.org/wiki/Special:FilePath/John%20Krasinski%20at%20TIFF%202025%2002%20%28cropped%29.jpg,59
http://www.wikidata.org/entity/Q326837,http://commons.wikimedia.org/wiki/Special:FilePath/Elodie%20Yung%20by%20Gage%20Skidmore.jpg,31
http://www.wikidata.org/entity/Q352203,http://commons.wikimedia.org/wiki/Special:FilePath/Bob%20Gunton%2C%201963%20senior%20photo.jpg,34
http://www.wikidata.org/entity/Q527771,http://commons.wikimedia.org/wiki/Special:FilePath/Wilson%20Bethel%20-%20Los%20Angeles%20Comic%20Con%202025.jpg,26
http://www.wikidata.org/entity/Q951113,http://commons.wikimedia.org/wiki/Special:FilePath/Elden%20Henson%20-%20Los%20Angeles%20Comic%20Con%202025.jpg,26
http://www.wikidata.org/entity/Q1272489,http://commons.wikimedia.org/wiki/Special:FilePath/Ralphinesonadjusted.jpg,29
http://www.wikidata.org/entity/Q1279993,http://commons.wikimedia.org/wiki/Special:FilePath/Ebon%20Moss-Bachrach%20by%20Gage%20Skidmore.jpg,30
http://www.wikidata.org/entity/Q6141629,http://commons.wikimedia.org/wiki/Special:FilePath/Tenoch%20Huerta%202024.jpg,25
http://www.wikidata.org/entity/Q6159535,http://commons.wikimedia.org/wiki/Special:FilePath/Vanessa%20Kirby%20at%20the%202024%20Toronto%20International%20Film%20Festival%2008%20%28Cropped%29.jpg,56
http://www.wikidata.org/entity/Q6893543,http://commons.wikimedia.org/wiki/Special:FilePath/Mohan%20Kapoor.jpg,9
http://www.wikidata.org/entity/Q13560358,http://commons.wikimedia.org/wiki/Special:FilePath/Julia%20Garner%20Berlinale%202020%20%28cropped%29%202.jpg,50
http://www.wikidata.org/entity/Q14752155,http://commons.wikimedia.org/wiki/Special:FilePath/Pedro%20Pascal%20at%20the%202025%20Cannes%20Film%20Festival%2006%20%28cropped%29.jpg,68
http://www.wikidata.org/entity/Q15613720,http://commons.wikimedia.org/wiki/Special:FilePath/Sasheer%20Zamata%20%2881960%29b%20%28cropped%29.jpg,18
http://www.wikidata.org/entity/Q28655334,http://commons.wikimedia.org/wiki/Special:FilePath/Yahya%20Abdul-Mateen%20II%20by%20Gage%20Skidmore.jpg,40
http://www.wikidata.org/entity/Q39073476,http://commons.wikimedia.org/wiki/Special:FilePath/Joseph%20Quinn%20en%202022.jpg,36
http://www.wikidata.org/entity/Q50345169,http://commons.wikimedia.org/wiki/Special:FilePath/Okwui%20Okpokwasili%20in%20Visceral%20Disruptions.jpg,9
http://www.wikidata.org/entity/Q51754587,http://commons.wikimedia.org/wiki/Special:FilePath/Guests%20at%20the%202026%20Met%20Gala%20416%20%28cropped%29.jpg,24
http://www.wikidata.org/entity/Q102427314,http://commons.wikimedia.org/wiki/Special:FilePath/Xochitl%20Gomez%20-%202024%20%28cropped%29.jpg,31
http://www.wikidata.org/entity/Q106596551,http://commons.wikimedia.org/wiki/Special:FilePath/Joe%20Locke%20en%202022.jpg,33
