c,a,aLabel
http://www.wikidata.org/entity/Q53519878,http://www.wikidata.org/entity/Q236578,Lizzy Caplan
http://www.wikidata.org/entity/Q55221009,http://www.wikidata.org/entity/Q366322,Alexis Denisof
http://www.wikidata.org/entity/Q55405344,http://www.wikidata.org/entity/Q103343,Jennifer Connelly
http://www.wikidata.org/entity/Q56231221,http://www.wikidata.org/entity/Q234883,Jenny Agutter
http://www.wikidata.org/entity/Q60485015,http://www.wikidata.org/entity/Q1239933,Donald Glover
http://www.wikidata.org/entity/Q60485245,http://www.wikidata.org/entity/Q133313,Jake Gyllenhaal
http://www.wikidata.org/entity/Q60485274,http://www.wikidata.org/entity/Q200566,Cobie Smulders
http://www.wikidata.org/entity/Q60485305,http://www.wikidata.org/entity/Q110374,Bill Paxton
http://www.wikidata.org/entity/Q60485320,http://www.wikidata.org/entity/Q1253845,J. August Richards
http://www.wikidata.org/entity/Q63405860,http://www.wikidata.org/entity/Q186757,Seth Green
http://www.wikidata.org/entity/Q64099772,http://www.wikidata.org/entity/Q320052,Vincent D'Onofrio
http://www.wikidata.org/entity/Q64514311,http://www.wikidata.org/entity/Q3453629,Ruth Negga
http://www.wikidata.org/entity/Q64658380,http://www.wikidata.org/entity/Q29328,Brie Larson
http://www.wikidata.org/entity/Q64658380,http://www.wikidata.org/entity/Q20752077,Mckenna Grace
http://www.wikidata.org/entity/Q64658380,http://www.wikidata.org/entity/Q65966869,London Fuller
http://www.wikidata.org/entity/Q64825451,http://www.wikidata.org/entity/Q41396,Josh Brolin
http://www.wikidata.org/entity/Q64825451,http://www.wikidata.org/entity/Q5212563,Damion Poitier
http://www.wikidata.org/entity/Q65920871,http://www.wikidata.org/entity/Q717194,James D'Arcy
http://www.wikidata.org/entity/Q65928804,http://www.wikidata.org/entity/Q230534,Rebecca Hall
http://www.wikidata.org/entity/Q65929156,http://www.wikidata.org/entity/Q223745,Guy Pearce
http://www.wikidata.org/entity/Q65929198,http://www.wikidata.org/entity/Q24004849,Simu Liu
http://www.wikidata.org/entity/Q65929221,http://www.wikidata.org/entity/Q319001,Tony Leung
http://www.wikidata.org/entity/Q65929267,http://www.wikidata.org/entity/Q451974,James Badge Dale
http://www.wikidata.org/entity/Q65929293,http://www.wikidata.org/entity/Q144643,Shaun Toub
http://www.wikidata.org/entity/Q65929369,http://www.wikidata.org/entity/Q57614,Thomas Kretschmann
http://www.wikidata.org/entity/Q65929568,http://www.wikidata.org/entity/Q294586,Adewale Akinnuoye-Agbaje
http://www.wikidata.org/entity/Q65929591,http://www.wikidata.org/entity/Q356271,Georges St-Pierre
http://www.wikidata.org/entity/Q65929641,http://www.wikidata.org/entity/Q1102002,Clive Russell
http://www.wikidata.org/entity/Q65929696,http://www.wikidata.org/entity/Q298682,Djimon Hounsou
http://www.wikidata.org/entity/Q65929709,http://www.wikidata.org/entity/Q360531,Mahershala Ali
http://www.wikidata.org/entity/Q65929729,http://www.wikidata.org/entity/Q312380,Christopher Eccleston
http://www.wikidata.org/entity/Q65929755,http://www.wikidata.org/entity/Q59215,Robert Redford
http://www.wikidata.org/entity/Q65929788,http://www.wikidata.org/entity/Q168763,Liv Tyler
http://www.wikidata.org/entity/Q65929830,http://www.wikidata.org/entity/Q248179,Ty Burrell
http://www.wikidata.org/entity/Q65929846,http://www.wikidata.org/entity/Q515095,Tim Blake Nelson
http://www.wikidata.org/entity/Q65935271,http://www.wikidata.org/entity/Q174843,Jeff Bridges
http://www.wikidata.org/entity/Q65935285,http://www.wikidata.org/entity/Q445125,Neal McDonough
http://www.wikidata.org/entity/Q65935296,http://www.wikidata.org/entity/Q223117,Stanley Tucci
http://www.wikidata.org/entity/Q65935320,http://www.wikidata.org/entity/Q648897,Derek Luke
http://www.wikidata.org/entity/Q65935329,http://www.wikidata.org/entity/Q170587,Tommy Lee Jones
http://www.wikidata.org/entity/Q65935346,http://www.wikidata.org/entity/Q3558573,Kenneth Choi
http://www.wikidata.org/entity/Q65935363,http://www.wikidata.org/entity/Q181806,Richard Armitage
http://www.wikidata.org/entity/Q65935380,http://www.wikidata.org/entity/Q203804,Tim Roth
http://www.wikidata.org/entity/Q65935522,http://www.wikidata.org/entity/Q223110,John C. Reilly
http://www.wikidata.org/entity/Q65935548,http://www.wikidata.org/entity/Q294647,Mads Mikkelsen
http://www.wikidata.org/entity/Q65935573,http://www.wikidata.org/entity/Q21196625,Chris Sullivan
http://www.wikidata.org/entity/Q65935802,http://www.wikidata.org/entity/Q24207143,Michael James Shaw
http://www.wikidata.org/entity/Q65935811,http://www.wikidata.org/entity/Q310937,Peter Dinklage
http://www.wikidata.org/entity/Q65935830,http://www.wikidata.org/entity/Q125106,Salma Hayek
http://www.wikidata.org/entity/Q65935839,http://www.wikidata.org/entity/Q150482,J. K. Simmons
http://www.wikidata.org/entity/Q65935848,http://www.wikidata.org/entity/Q391359,David Harbour
http://www.wikidata.org/entity/Q65935858,http://www.wikidata.org/entity/Q510848,Richard Madden
http://www.wikidata.org/entity/Q65935876,http://www.wikidata.org/entity/Q24034671,Angourie Rice
http://www.wikidata.org/entity/Q65937785,http://www.wikidata.org/entity/Q498374,Ma Dong-seok
http://www.wikidata.org/entity/Q65937794,http://www.wikidata.org/entity/Q54400820,Lauren Ridloff
http://www.wikidata.org/entity/Q65937802,http://www.wikidata.org/entity/Q26924801,Brian Tyree Henry
http://www.wikidata.org/entity/Q65937810,http://www.wikidata.org/entity/Q65768597,Lia McHugh
http://www.wikidata.org/entity/Q65937816,http://www.wikidata.org/entity/Q13909,Angelina Jolie
http://www.wikidata.org/entity/Q65937824,http://www.wikidata.org/entity/Q6900353,Monique Ganderton
http://www.wikidata.org/entity/Q65937824,http://www.wikidata.org/entity/Q17317909,Carrie Coon
http://www.wikidata.org/entity/Q65937880,http://www.wikidata.org/entity/Q711054,Tony Curran
http://www.wikidata.org/entity/Q65937899,http://www.wikidata.org/entity/Q236479,Alice Krige
http://www.wikidata.org/entity/Q65937931,http://www.wikidata.org/entity/Q7704857,Terry Notary
http://www.wikidata.org/entity/Q65937943,http://www.wikidata.org/entity/Q16216818,Tom Vaughan-Lawlor
http://www.wikidata.org/entity/Q65938290,http://www.wikidata.org/entity/Q6443390,Kumail Nanjiani
http://www.wikidata.org/entity/Q65952746,http://www.wikidata.org/entity/Q40026,Sylvester Stallone
http://www.wikidata.org/entity/Q65952811,http://www.wikidata.org/entity/Q1807757,Laura Haddock
http://www.wikidata.org/entity/Q66132762,http://www.wikidata.org/entity/Q2820059,Aaron Himelstein
http://www.wikidata.org/entity/Q66132777,http://www.wikidata.org/entity/Q65965571,Ben Sakamoto
http://www.wikidata.org/entity/Q66133282,http://www.wikidata.org/entity/Q7801211,Tiffany Espensen
http://www.wikidata.org/entity/Q66133287,http://www.wikidata.org/entity/Q24704244,Isabella Amara
http://www.wikidata.org/entity/Q66133301,http://www.wikidata.org/entity/Q20973713,Ethan Dizon
http://www.wikidata.org/entity/Q66133307,http://www.wikidata.org/entity/Q23832074,Nicholas Rose
http://www.wikidata.org/entity/Q66133315,http://www.wikidata.org/entity/Q51530,Jerzy Skolimowski
http://www.wikidata.org/entity/Q66133318,http://www.wikidata.org/entity/Q726154,James Eckhouse
http://www.wikidata.org/entity/Q66133320,http://www.wikidata.org/entity/Q2892219,Romy Rosemont
http://www.wikidata.org/entity/Q66133325,http://www.wikidata.org/entity/Q6273426,Jonathan Howard
http://www.wikidata.org/entity/Q66133331,http://www.wikidata.org/entity/Q66018858,Robert Crayton
http://www.wikidata.org/entity/Q66133333,http://www.wikidata.org/entity/Q214289,Michelle Yeoh
http://www.wikidata.org/entity/Q66133335,http://www.wikidata.org/entity/Q310315,Ving Rhames
http://www.wikidata.org/entity/Q66133337,http://www.wikidata.org/entity/Q65953320,Blondy Baruti
http://www.wikidata.org/entity/Q66133338,http://www.wikidata.org/entity/Q311613,Michael Rosenbaum
http://www.wikidata.org/entity/Q66133342,http://www.wikidata.org/entity/Q134133,Tommy Flanagan
http://www.wikidata.org/entity/Q66133355,http://www.wikidata.org/entity/Q65953291,Alex Klein
http://www.wikidata.org/entity/Q66133358,http://www.wikidata.org/entity/Q1919294,Melia Kreiling
http://www.wikidata.org/entity/Q66133359,http://www.wikidata.org/entity/Q21591117,Tom Proctor
http://www.wikidata.org/entity/Q66133364,http://www.wikidata.org/entity/Q66091559,Alexis Rodney
http://www.wikidata.org/entity/Q66133366,http://www.wikidata.org/entity/Q350194,Alan Dale
http://www.wikidata.org/entity/Q66133368,http://www.wikidata.org/entity/Q16232660,Hannah John-Kamen
http://www.wikidata.org/entity/Q66133368,http://www.wikidata.org/entity/Q65978313,RaeLynn Bratten
http://www.wikidata.org/entity/Q66133372,http://www.wikidata.org/entity/Q193048,Laurence Fishburne
http://www.wikidata.org/entity/Q66133372,http://www.wikidata.org/entity/Q55138565,Langston Fishburne
http://www.wikidata.org/entity/Q66133380,http://www.wikidata.org/entity/Q516690,Walton Goggins
http://www.wikidata.org/entity/Q66133381,http://www.wikidata.org/entity/Q7291588,Randall Park
http://www.wikidata.org/entity/Q66133383,http://www.wikidata.org/entity/Q3308101,Michael Cerveris
http://www.wikidata.org/entity/Q66133388,http://www.wikidata.org/entity/Q7322168,Riann Steele
http://www.wikidata.org/entity/Q66133393,http://www.wikidata.org/entity/Q65967183,Reggie
http://www.wikidata.org/entity/Q66133393,http://www.wikidata.org/entity/Q65967196,Gonzo
http://www.wikidata.org/entity/Q66133393,http://www.wikidata.org/entity/Q65967198,Archie
http://www.wikidata.org/entity/Q66133393,http://www.wikidata.org/entity/Q65967200,Rizzo
http://www.wikidata.org/entity/Q1369292,http://www.wikidata.org/entity/Q113206,Clark Gregg
http://www.wikidata.org/entity/Q1424480,http://www.wikidata.org/entity/Q3208406,Chloe Bennet
http://www.wikidata.org/entity/Q3496918,http://www.wikidata.org/entity/Q503706,Chris Pratt
http://www.wikidata.org/entity/Q4135325,http://www.wikidata.org/entity/Q208667,Stellan Skarsgård
http://www.wikidata.org/entity/Q6911845,http://www.wikidata.org/entity/Q65965555,Lexi Rabe
http://www.wikidata.org/entity/Q7296820,http://www.wikidata.org/entity/Q3119298,Gugu Mbatha-Raw
http://www.wikidata.org/entity/Q20979384,http://www.wikidata.org/entity/Q14566609,Elizabeth Henstridge
http://www.wikidata.org/entity/Q21042559,http://www.wikidata.org/entity/Q231751,Kat Dennings
http://www.wikidata.org/entity/Q23750236,http://www.wikidata.org/entity/Q371972,Faran Tahir
http://www.wikidata.org/entity/Q23750252,http://www.wikidata.org/entity/Q862481,Bill Smitrovich
http://www.wikidata.org/entity/Q23750365,http://www.wikidata.org/entity/Q242707,Paul Bettany
http://www.wikidata.org/entity/Q23750514,http://www.wikidata.org/entity/Q3376457,Peter Billingsley
http://www.wikidata.org/entity/Q23750547,http://www.wikidata.org/entity/Q1429065,Sayed Badreya
http://www.wikidata.org/entity/Q23750571,http://www.wikidata.org/entity/Q788586,Tim Guinee
http://www.wikidata.org/entity/Q23750808,http://www.wikidata.org/entity/Q1189102,Nazanin Boniadi
http://www.wikidata.org/entity/Q23751000,http://www.wikidata.org/entity/Q17385914,Fahim Fazli
http://www.wikidata.org/entity/Q23751352,http://www.wikidata.org/entity/Q4695717,Ahmed Ahmed
http://www.wikidata.org/entity/Q23751414,http://www.wikidata.org/entity/Q23750145,Kevin Foster
http://www.wikidata.org/entity/Q23751461,http://www.wikidata.org/entity/Q23750164,Garret Noël
http://www.wikidata.org/entity/Q23751498,http://www.wikidata.org/entity/Q23750183,Eileen Weisinger
http://www.wikidata.org/entity/Q23751702,http://www.wikidata.org/entity/Q23751652,Thomas Craig Plumer
http://www.wikidata.org/entity/Q23767768,http://www.wikidata.org/entity/Q469145,Peter Mensah
http://www.wikidata.org/entity/Q23767790,http://www.wikidata.org/entity/Q2965857,Christina Cabot
http://www.wikidata.org/entity/Q23767804,http://www.wikidata.org/entity/Q3042392,Débora Nascimento
http://www.wikidata.org/entity/Q23767828,http://www.wikidata.org/entity/Q3372216,Paul Soles
http://www.wikidata.org/entity/Q23832138,http://www.wikidata.org/entity/Q23832098,P.J. Kerr
http://www.wikidata.org/entity/Q23894605,http://www.wikidata.org/entity/Q189489,Zendaya
http://www.wikidata.org/entity/Q23894608,http://www.wikidata.org/entity/Q16237562,Tony Revolori
http://www.wikidata.org/entity/Q23894967,http://www.wikidata.org/entity/Q165219,Robert Downey Jr.
http://www.wikidata.org/entity/Q23894967,http://www.wikidata.org/entity/Q24073706,Davin Ransom
http://www.wikidata.org/entity/Q23895000,http://www.wikidata.org/entity/Q34460,Gwyneth Paltrow
http://www.wikidata.org/entity/Q23895040,http://www.wikidata.org/entity/Q272019,Don Cheadle
http://www.wikidata.org/entity/Q23895040,http://www.wikidata.org/entity/Q296500,Terrence Howard
http://www.wikidata.org/entity/Q23895063,http://www.wikidata.org/entity/Q34436,Scarlett Johansson
http://www.wikidata.org/entity/Q23895063,http://www.wikidata.org/entity/Q23011121,Ever Anderson
http://www.wikidata.org/entity/Q23895076,http://www.wikidata.org/entity/Q316446,Sam Rockwell
http://www.wikidata.org/entity/Q23900364,http://www.wikidata.org/entity/Q178552,Mickey Rourke
http://www.wikidata.org/entity/Q23900377,http://www.wikidata.org/entity/Q172678,Samuel L. Jackson
http://www.wikidata.org/entity/Q23900407,http://www.wikidata.org/entity/Q239453,Leslie Bibb
http://www.wikidata.org/entity/Q23900437,http://www.wikidata.org/entity/Q1374481,Garry Shandling
http://www.wikidata.org/entity/Q23900446,http://www.wikidata.org/entity/Q317761,Dominic Cooper
http://www.wikidata.org/entity/Q23900446,http://www.wikidata.org/entity/Q374346,John Slattery
http://www.wikidata.org/entity/Q23900446,http://www.wikidata.org/entity/Q23751535,Gerard Sanders
http://www.wikidata.org/entity/Q23900470,http://www.wikidata.org/entity/Q295964,Jon Favreau
http://www.wikidata.org/entity/Q23991129,http://www.wikidata.org/entity/Q2023710,Tom Holland
http://www.wikidata.org/entity/Q23991271,http://www.wikidata.org/entity/Q191828,Marisa Tomei
http://www.wikidata.org/entity/Q23991694,http://www.wikidata.org/entity/Q455898,Sebastian Stan
http://www.wikidata.org/entity/Q24004885,http://www.wikidata.org/entity/Q5066520,Chadwick Boseman
http://www.wikidata.org/entity/Q24004885,http://www.wikidata.org/entity/Q65997918,Ashton Tyler
http://www.wikidata.org/entity/Q24004905,http://www.wikidata.org/entity/Q4812771,Atandwa Kani
http://www.wikidata.org/entity/Q24004905,http://www.wikidata.org/entity/Q6242471,John Kani
http://www.wikidata.org/entity/Q24022098,http://www.wikidata.org/entity/Q178348,Chris Evans
http://www.wikidata.org/entity/Q24022345,http://www.wikidata.org/entity/Q511554,Anthony Mackie
http://www.wikidata.org/entity/Q24022457,http://www.wikidata.org/entity/Q58592,Daniel Brühl
http://www.wikidata.org/entity/Q24022542,http://www.wikidata.org/entity/Q234644,Elizabeth Olsen
http://www.wikidata.org/entity/Q24022584,http://www.wikidata.org/entity/Q242707,Paul Bettany
http://www.wikidata.org/entity/Q24026688,http://www.wikidata.org/entity/Q23365,Jeremy Renner
http://www.wikidata.org/entity/Q24026703,http://www.wikidata.org/entity/Q276525,Paul Rudd
http://www.wikidata.org/entity/Q24026703,http://www.wikidata.org/entity/Q64014630,Jackson A. Dunn
http://www.wikidata.org/entity/Q24026703,http://www.wikidata.org/entity/Q65966384,Lee Moore
http://www.wikidata.org/entity/Q24026703,http://www.wikidata.org/entity/Q65966389,Bazlo LeClair
http://www.wikidata.org/entity/Q24026703,http://www.wikidata.org/entity/Q65966394,Loen LeClair
http://www.wikidata.org/entity/Q24027376,http://www.wikidata.org/entity/Q81328,Harrison Ford
http://www.wikidata.org/entity/Q24027376,http://www.wikidata.org/entity/Q105825,William Hurt
http://www.wikidata.org/entity/Q24027486,http://www.wikidata.org/entity/Q233216,Emily VanCamp
http://www.wikidata.org/entity/Q24027955,http://www.wikidata.org/entity/Q254205,Ming-Na Wen
http://www.wikidata.org/entity/Q24027972,http://www.wikidata.org/entity/Q3208406,Chloe Bennet
http://www.wikidata.org/entity/Q24027982,http://www.wikidata.org/entity/Q5907683,Iain De Caestecker
http://www.wikidata.org/entity/Q24034679,http://www.wikidata.org/entity/Q234959,Hayley Atwell
http://www.wikidata.org/entity/Q24034722,http://www.wikidata.org/entity/Q244674,Benedict Cumberbatch
http://www.wikidata.org/entity/Q24040742,http://www.wikidata.org/entity/Q918616,Frank Grillo
http://www.wikidata.org/entity/Q24040913,http://www.wikidata.org/entity/Q309486,Martin Freeman
http://www.wikidata.org/entity/Q24040935,http://www.wikidata.org/entity/Q236399,Hope Davis
http://www.wikidata.org/entity/Q24040949,http://www.wikidata.org/entity/Q526620,Alfre Woodard
http://www.wikidata.org/entity/Q24040968,http://www.wikidata.org/entity/Q16207719,Gene Farber
http://www.wikidata.org/entity/Q24043637,http://www.wikidata.org/entity/Q317343,Chiwetel Ejiofor
http://www.wikidata.org/entity/Q24045741,http://www.wikidata.org/entity/Q200534,Tilda Swinton
http://www.wikidata.org/entity/Q24045748,http://www.wikidata.org/entity/Q438445,Michael Stuhlbarg
http://www.wikidata.org/entity/Q24045752,http://www.wikidata.org/entity/Q3329808,Benedict Wong
http://www.wikidata.org/entity/Q24046102,http://www.wikidata.org/entity/Q54314,Chris Hemsworth
http://www.wikidata.org/entity/Q24046102,http://www.wikidata.org/entity/Q241497,Dakota Goyo
http://www.wikidata.org/entity/Q24046106,http://www.wikidata.org/entity/Q37876,Natalie Portman
http://www.wikidata.org/entity/Q24046118,http://www.wikidata.org/entity/Q295803,Tom Hiddleston
http://www.wikidata.org/entity/Q24046118,http://www.wikidata.org/entity/Q66132412,Ted Allpress
http://www.wikidata.org/entity/Q24046126,http://www.wikidata.org/entity/Q65932,Anthony Hopkins
http://www.wikidata.org/entity/Q24046150,http://www.wikidata.org/entity/Q342604,Idris Elba
http://www.wikidata.org/entity/Q24046153,http://www.wikidata.org/entity/Q449679,Colm Feore
http://www.wikidata.org/entity/Q24046160,http://www.wikidata.org/entity/Q372947,Ray Stevenson
http://www.wikidata.org/entity/Q24049976,http://www.wikidata.org/entity/Q379824,Tadanobu Asano
http://www.wikidata.org/entity/Q24049985,http://www.wikidata.org/entity/Q139638,Zachary Levi
http://www.wikidata.org/entity/Q24049985,http://www.wikidata.org/entity/Q714261,Josh Dallas
http://www.wikidata.org/entity/Q24049994,http://www.wikidata.org/entity/Q253343,Jaimie Alexander
http://www.wikidata.org/entity/Q24049999,http://www.wikidata.org/entity/Q229612,Rene Russo
http://www.wikidata.org/entity/Q24050065,http://www.wikidata.org/entity/Q503706,Chris Pratt
http://www.wikidata.org/entity/Q24050065,http://www.wikidata.org/entity/Q26703281,Wyatt Oleff
http://www.wikidata.org/entity/Q24050072,http://www.wikidata.org/entity/Q190162,Zoe Saldaña
http://www.wikidata.org/entity/Q24050072,http://www.wikidata.org/entity/Q23928895,Ariana Greenblatt
http://www.wikidata.org/entity/Q24050079,http://www.wikidata.org/entity/Q44158,Dave Bautista
http://www.wikidata.org/entity/Q24050083,http://www.wikidata.org/entity/Q178166,Vin Diesel
http://www.wikidata.org/entity/Q24050083,http://www.wikidata.org/entity/Q7704857,Terry Notary
http://www.wikidata.org/entity/Q24050112,http://www.wikidata.org/entity/Q372311,Glenn Close
http://www.wikidata.org/entity/Q24050114,http://www.wikidata.org/entity/Q103157,Kurt Russell
http://www.wikidata.org/entity/Q24050117,http://www.wikidata.org/entity/Q41422,Mark Ruffalo
http://www.wikidata.org/entity/Q24050117,http://www.wikidata.org/entity/Q125904,Edward Norton
http://www.wikidata.org/entity/Q24050117,http://www.wikidata.org/entity/Q313306,Lou Ferrigno
http://www.wikidata.org/entity/Q24050122,http://www.wikidata.org/entity/Q80966,Cate Blanchett
http://www.wikidata.org/entity/Q24050133,http://www.wikidata.org/entity/Q160392,Evangeline Lilly
http://www.wikidata.org/entity/Q24050133,http://www.wikidata.org/entity/Q65978332,Madeleine McGraw
http://www.wikidata.org/entity/Q24068213,http://www.wikidata.org/entity/Q3379332,Philippe Bergeron
http://www.wikidata.org/entity/Q24068383,http://www.wikidata.org/entity/Q981913,Eric L. Haney
http://www.wikidata.org/entity/Q24068387,http://www.wikidata.org/entity/Q24068385,Ali Khan
http://www.wikidata.org/entity/Q24068391,http://www.wikidata.org/entity/Q4252802,Yevgeni Lazarev
http://www.wikidata.org/entity/Q24068391,http://www.wikidata.org/entity/Q16828132,Costa Ronin
http://www.wikidata.org/entity/Q24068402,http://www.wikidata.org/entity/Q241854,Helena Mattsson
http://www.wikidata.org/entity/Q24068411,http://www.wikidata.org/entity/Q4778206,Anya Monzikova
http://www.wikidata.org/entity/Q24073665,http://www.wikidata.org/entity/Q24073661,Margy Stein
http://www.wikidata.org/entity/Q24073681,http://www.wikidata.org/entity/Q236475,Olivia Munn
http://www.wikidata.org/entity/Q24073725,http://www.wikidata.org/entity/Q24073723,Jack White
http://www.wikidata.org/entity/Q24083294,http://www.wikidata.org/entity/Q15834608,Maximiliano Hernández
http://www.wikidata.org/entity/Q24083312,http://www.wikidata.org/entity/Q235233,Adriana Barraza
http://www.wikidata.org/entity/Q24175349,http://www.wikidata.org/entity/Q24175346,Darren Kendrick
http://www.wikidata.org/entity/Q24175951,http://www.wikidata.org/entity/Q271500,Tessa Thompson
http://www.wikidata.org/entity/Q24176023,http://www.wikidata.org/entity/Q106706,Jeff Goldblum
http://www.wikidata.org/entity/Q24176049,http://www.wikidata.org/entity/Q132430,Karl Urban
http://www.wikidata.org/entity/Q24200251,http://www.wikidata.org/entity/Q42204,Hugo Weaving
http://www.wikidata.org/entity/Q24200251,http://www.wikidata.org/entity/Q7369490,Ross Marquand
http://www.wikidata.org/entity/Q24206844,http://www.wikidata.org/entity/Q504338,Joshua Cox
http://www.wikidata.org/entity/Q24207018,http://www.wikidata.org/entity/Q173158,Ben Kingsley
http://www.wikidata.org/entity/Q24265423,http://www.wikidata.org/entity/Q119798,Michael Douglas
http://www.wikidata.org/entity/Q24265423,http://www.wikidata.org/entity/Q2289811,Dax Griffin
http://www.wikidata.org/entity/Q24265423,http://www.wikidata.org/entity/Q65966419,John Michael Morris
http://www.wikidata.org/entity/Q24275986,http://www.wikidata.org/entity/Q26231,Corey Stoll
http://www.wikidata.org/entity/Q24275991,http://www.wikidata.org/entity/Q428819,Bobby Cannavale
http://www.wikidata.org/entity/Q24276086,http://www.wikidata.org/entity/Q359488,Michael Peña
http://www.wikidata.org/entity/Q24276092,http://www.wikidata.org/entity/Q236189,Judy Greer
http://www.wikidata.org/entity/Q24276097,http://www.wikidata.org/entity/Q214227,T.I.
http://www.wikidata.org/entity/Q24276100,http://www.wikidata.org/entity/Q16203767,David Dastmalchian
http://www.wikidata.org/entity/Q24276107,http://www.wikidata.org/entity/Q1321005,Wood Harris
http://www.wikidata.org/entity/Q24510074,http://www.wikidata.org/entity/Q3558573,Kenneth Choi
http://www.wikidata.org/entity/Q25714609,http://www.wikidata.org/entity/Q314290,Harry Dean Stanton
http://www.wikidata.org/entity/Q25936379,http://www.wikidata.org/entity/Q545357,Ty Simpkins
http://www.wikidata.org/entity/Q26224467,http://www.wikidata.org/entity/Q190386,Rachel McAdams
http://www.wikidata.org/entity/Q26261996,http://www.wikidata.org/entity/Q20630818,Michael Chernus
http://www.wikidata.org/entity/Q26268850,http://www.wikidata.org/entity/Q3308007,Michael B. Jordan
http://www.wikidata.org/entity/Q26268850,http://www.wikidata.org/entity/Q49693652,Seth Carr
http://www.wikidata.org/entity/Q26268859,http://www.wikidata.org/entity/Q3840847,Lupita Nyong'o
http://www.wikidata.org/entity/Q26758863,http://www.wikidata.org/entity/Q1429374,Florence Kasumba
http://www.wikidata.org/entity/Q26761024,http://www.wikidata.org/entity/Q20675767,Joe Russo
http://www.wikidata.org/entity/Q26761595,http://www.wikidata.org/entity/Q26761594,Amelia Morck
http://www.wikidata.org/entity/Q26761640,http://www.wikidata.org/entity/Q26761639,Ann Russo
http://www.wikidata.org/entity/Q26771565,http://www.wikidata.org/entity/Q26771563,Jackson Spidell
http://www.wikidata.org/entity/Q26772284,http://www.wikidata.org/entity/Q5362676,Elizabeth Debicki
http://www.wikidata.org/entity/Q26772344,http://www.wikidata.org/entity/Q7611767,Steve Agee
http://www.wikidata.org/entity/Q26772371,http://www.wikidata.org/entity/Q1029535,Evan Jones
http://www.wikidata.org/entity/Q26772381,http://www.wikidata.org/entity/Q19417,James Euringer
http://www.wikidata.org/entity/Q26772388,http://www.wikidata.org/entity/Q7608723,Stephen Blackehart
http://www.wikidata.org/entity/Q26772430,http://www.wikidata.org/entity/Q26772433,Joe Fria
http://www.wikidata.org/entity/Q26772438,http://www.wikidata.org/entity/Q26772442,Terence Rosemore
http://www.wikidata.org/entity/Q26772446,http://www.wikidata.org/entity/Q26772451,Mike Escamilla
http://www.wikidata.org/entity/Q26809707,http://www.wikidata.org/entity/Q23894602,Laura Harrier
http://www.wikidata.org/entity/Q26817985,http://www.wikidata.org/entity/Q342419,Toby Jones
http://www.wikidata.org/entity/Q27045831,http://www.wikidata.org/entity/Q27045579,Winston Duke
http://www.wikidata.org/entity/Q27057203,http://www.wikidata.org/entity/Q165625,Kathryn Newton
http://www.wikidata.org/entity/Q27057203,http://www.wikidata.org/entity/Q16240563,Emma Fuhrmann
http://www.wikidata.org/entity/Q27057203,http://www.wikidata.org/entity/Q20740858,Abby Ryder Fortson
http://www.wikidata.org/entity/Q27057247,http://www.wikidata.org/entity/Q726130,Martin Donovan
http://www.wikidata.org/entity/Q27057308,http://www.wikidata.org/entity/Q3116296,Gregg Turkington
http://www.wikidata.org/entity/Q27062173,http://www.wikidata.org/entity/Q16221878,Gabriel Luna
http://www.wikidata.org/entity/Q27067868,http://www.wikidata.org/entity/Q299282,Tom Kenny
http://www.wikidata.org/entity/Q27067914,http://www.wikidata.org/entity/Q159778,Michelle Pfeiffer
http://www.wikidata.org/entity/Q27067914,http://www.wikidata.org/entity/Q27067919,Hayley Lovitt
http://www.wikidata.org/entity/Q27092482,http://www.wikidata.org/entity/Q206922,Andy Serkis
http://www.wikidata.org/entity/Q27101591,http://www.wikidata.org/entity/Q296928,James Spader
http://www.wikidata.org/entity/Q27101792,http://www.wikidata.org/entity/Q45923,Aaron Taylor-Johnson
http://www.wikidata.org/entity/Q27132943,http://www.wikidata.org/entity/Q360531,Mahershala Ali
http://www.wikidata.org/entity/Q27147335,http://www.wikidata.org/entity/Q182763,Forest Whitaker
http://www.wikidata.org/entity/Q27147335,http://www.wikidata.org/entity/Q614402,Denzel Whitaker
http://www.wikidata.org/entity/Q27147410,http://www.wikidata.org/entity/Q510970,Daniel Kaluuya
http://www.wikidata.org/entity/Q27237328,http://www.wikidata.org/entity/Q73362,Benjamin Bratt
http://www.wikidata.org/entity/Q27468455,http://www.wikidata.org/entity/Q228692,Rosario Dawson
http://www.wikidata.org/entity/Q27624318,http://www.wikidata.org/entity/Q28310,Scott Adkins
http://www.wikidata.org/entity/Q27624531,http://www.wikidata.org/entity/Q27624520,Topo Wresniwiro
http://www.wikidata.org/entity/Q27624560,http://www.wikidata.org/entity/Q27624555,Ümit Ülgen
http://www.wikidata.org/entity/Q27627816,http://www.wikidata.org/entity/Q244674,Benedict Cumberbatch
http://www.wikidata.org/entity/Q27670271,http://www.wikidata.org/entity/Q27670268,Linda Louise Duan
http://www.wikidata.org/entity/Q27670314,http://www.wikidata.org/entity/Q27670305,Mark Anthony Brighton
http://www.wikidata.org/entity/Q27670318,http://www.wikidata.org/entity/Q261981,Meera Syal
http://www.wikidata.org/entity/Q27670335,http://www.wikidata.org/entity/Q27670333,Adam Pelta-Pauls
http://www.wikidata.org/entity/Q27670340,http://www.wikidata.org/entity/Q27670339,Sarah Malin
http://www.wikidata.org/entity/Q27670356,http://www.wikidata.org/entity/Q27670352,Eben Young
http://www.wikidata.org/entity/Q27804665,http://www.wikidata.org/entity/Q27804664,Rod Hallett
http://www.wikidata.org/entity/Q27813421,http://www.wikidata.org/entity/Q138005,Michael Keaton
http://www.wikidata.org/entity/Q27902081,http://www.wikidata.org/entity/Q232120,Angela Bassett
http://www.wikidata.org/entity/Q27996066,http://www.wikidata.org/entity/Q1139685,Bokeem Woodbine
http://www.wikidata.org/entity/Q28379764,http://www.wikidata.org/entity/Q3295000,Sterling K. Brown
http://www.wikidata.org/entity/Q28914116,http://www.wikidata.org/entity/Q193668,Benicio del Toro
http://www.wikidata.org/entity/Q29051978,http://www.wikidata.org/entity/Q27489535,Letitia Wright
http://www.wikidata.org/entity/Q29053559,http://www.wikidata.org/entity/Q26213909,Jacob Batalon
http://www.wikidata.org/entity/Q29842885,http://www.wikidata.org/entity/Q431753,Sean Gunn
http://www.wikidata.org/entity/Q42201389,http://www.wikidata.org/entity/Q16213557,Rachel House
http://www.wikidata.org/entity/Q66189190,http://www.wikidata.org/entity/Q47012235,Chuku Modu
http://www.wikidata.org/entity/Q66189316,http://www.wikidata.org/entity/Q816565,Ben Mendelsohn
http://www.wikidata.org/entity/Q66189422,http://www.wikidata.org/entity/Q11998668,Rune Temte
http://www.wikidata.org/entity/Q66189494,http://www.wikidata.org/entity/Q20857836,Sharon Blynn
http://www.wikidata.org/entity/Q66189636,http://www.wikidata.org/entity/Q1108456,Colin Ford
http://www.wikidata.org/entity/Q66189681,http://www.wikidata.org/entity/Q732763,Kenneth Mitchell
http://www.wikidata.org/entity/Q66189735,http://www.wikidata.org/entity/Q6790916,Matthew Maher
http://www.wikidata.org/entity/Q66189877,http://www.wikidata.org/entity/Q190602,Annette Bening
http://www.wikidata.org/entity/Q66190034,http://www.wikidata.org/entity/Q190602,Annette Bening
http://www.wikidata.org/entity/Q66190214,http://www.wikidata.org/entity/Q938855,Chin Han
http://www.wikidata.org/entity/Q66190289,http://www.wikidata.org/entity/Q932490,Callan Mulvey
http://www.wikidata.org/entity/Q66190431,http://www.wikidata.org/entity/Q822780,Bernard White
http://www.wikidata.org/entity/Q66190494,http://www.wikidata.org/entity/Q234204,Linda Cardellini
http://www.wikidata.org/entity/Q66190714,http://www.wikidata.org/entity/Q64505611,Cade Woodward
http://www.wikidata.org/entity/Q66190714,http://www.wikidata.org/entity/Q66027581,Jaiden Stafford
http://www.wikidata.org/entity/Q66190801,http://www.wikidata.org/entity/Q65965573,Ava Russo
http://www.wikidata.org/entity/Q66190801,http://www.wikidata.org/entity/Q66026629,Imogen Poynton
http://www.wikidata.org/entity/Q66190801,http://www.wikidata.org/entity/Q66026670,Isabella Poynton
http://www.wikidata.org/entity/Q66190910,http://www.wikidata.org/entity/Q3788246,Claudia Kim
http://www.wikidata.org/entity/Q66190994,http://www.wikidata.org/entity/Q110462,Julie Delpy
http://www.wikidata.org/entity/Q66191108,http://www.wikidata.org/entity/Q3132807,Henry Goodman
http://www.wikidata.org/entity/Q66191257,http://www.wikidata.org/entity/Q705522,Hiroyuki Sanada
http://www.wikidata.org/entity/Q66191428,http://www.wikidata.org/entity/Q463497,Miguel Ferrer
http://www.wikidata.org/entity/Q66191496,http://www.wikidata.org/entity/Q704233,Wang Xueqi
http://www.wikidata.org/entity/Q66191596,http://www.wikidata.org/entity/Q1060635,Ashley Hamilton
http://www.wikidata.org/entity/Q66191655,http://www.wikidata.org/entity/Q66124108,James Rackley
http://www.wikidata.org/entity/Q66191701,http://www.wikidata.org/entity/Q2093067,Tom Virtue
http://www.wikidata.org/entity/Q66191882,http://www.wikidata.org/entity/Q152542,William Sadler
http://www.wikidata.org/entity/Q66192035,http://www.wikidata.org/entity/Q66132673,Dawn Michelle King
http://www.wikidata.org/entity/Q66192223,http://www.wikidata.org/entity/Q24704273,Jorge Lendeborg Jr.
http://www.wikidata.org/entity/Q66192354,http://www.wikidata.org/entity/Q16225873,Remy Hii
http://www.wikidata.org/entity/Q66192435,http://www.wikidata.org/entity/Q716343,Martin Starr
http://www.wikidata.org/entity/Q66192865,http://www.wikidata.org/entity/Q450219,Garcelle Beauvais
http://www.wikidata.org/entity/Q66192949,http://www.wikidata.org/entity/Q255651,Tyne Daly
http://www.wikidata.org/entity/Q66193113,http://www.wikidata.org/entity/Q472084,Logan Marshall-Green
http://www.wikidata.org/entity/Q66193253,http://www.wikidata.org/entity/Q6832484,Michael Mando
http://www.wikidata.org/entity/Q66193312,http://www.wikidata.org/entity/Q5712216,Hemky Madera
http://www.wikidata.org/entity/Q66193374,http://www.wikidata.org/entity/Q66003723,John Penick
http://www.wikidata.org/entity/Q66193444,http://www.wikidata.org/entity/Q3558573,Kenneth Choi
http://www.wikidata.org/entity/Q66193513,http://www.wikidata.org/entity/Q5649155,Hannibal Buress
http://www.wikidata.org/entity/Q66193683,http://www.wikidata.org/entity/Q21004892,Abraham Attah
http://www.wikidata.org/entity/Q66193752,http://www.wikidata.org/entity/Q2658535,Selenis Leyva
http://www.wikidata.org/entity/Q66193792,http://www.wikidata.org/entity/Q2415122,Tunde Adebimpe
http://www.wikidata.org/entity/Q66193853,http://www.wikidata.org/entity/Q19958195,Josie Totah
http://www.wikidata.org/entity/Q66193924,http://www.wikidata.org/entity/Q27892934,Christopher Berry
http://www.wikidata.org/entity/Q66194002,http://www.wikidata.org/entity/Q6537595,Lex Shrapnel
http://www.wikidata.org/entity/Q66194056,http://www.wikidata.org/entity/Q23794603,Jan Pohl
http://www.wikidata.org/entity/Q66194115,http://www.wikidata.org/entity/Q66124562,Bruno Ricci
http://www.wikidata.org/entity/Q66194172,http://www.wikidata.org/entity/Q236839,Natalie Dormer
http://www.wikidata.org/entity/Q66194263,http://www.wikidata.org/entity/Q923265,JJ Feild
http://www.wikidata.org/entity/Q66194316,http://www.wikidata.org/entity/Q5388091,Erich Redman
http://www.wikidata.org/entity/Q66194363,http://www.wikidata.org/entity/Q16832209,Sophie Colquhoun
http://www.wikidata.org/entity/Q66194397,http://www.wikidata.org/entity/Q273403,Jenna Coleman
http://www.wikidata.org/entity/Q66194446,http://www.wikidata.org/entity/Q961876,Michael Brandon
http://www.wikidata.org/entity/Q66194497,http://www.wikidata.org/entity/Q66124570,Damon Driver
http://www.wikidata.org/entity/Q66194598,http://www.wikidata.org/entity/Q487548,Anatole Taubman
http://www.wikidata.org/entity/Q66195344,http://www.wikidata.org/entity/Q65953414,Mac Wells
http://www.wikidata.org/entity/Q66195461,http://www.wikidata.org/entity/Q320073,David Bradley
http://www.wikidata.org/entity/Q66195522,http://www.wikidata.org/entity/Q18707289,Marek Oravec
http://www.wikidata.org/entity/Q66195568,http://www.wikidata.org/entity/Q26702637,Dominique Provost-Chalkley
http://www.wikidata.org/entity/Q66195604,http://www.wikidata.org/entity/Q66025378,Isaac Andrews
http://www.wikidata.org/entity/Q66195670,http://www.wikidata.org/entity/Q5526127,Gary Weeks
http://www.wikidata.org/entity/Q66195769,http://www.wikidata.org/entity/Q24357277,Michael Barbieri
http://www.wikidata.org/entity/Q66195847,http://www.wikidata.org/entity/Q65996301,David S. Lee
http://www.wikidata.org/entity/Q66195880,http://www.wikidata.org/entity/Q65996381,Nabiyah Be
http://www.wikidata.org/entity/Q66195918,http://www.wikidata.org/entity/Q65998894,Alexis Rhee
http://www.wikidata.org/entity/Q66195968,http://www.wikidata.org/entity/Q933129,Chris O'Dowd
http://www.wikidata.org/entity/Q66196008,http://www.wikidata.org/entity/Q66123652,Imaan Chentouf
http://www.wikidata.org/entity/Q66196036,http://www.wikidata.org/entity/Q66123649,Obada Alassadi
http://www.wikidata.org/entity/Q66196067,http://www.wikidata.org/entity/Q66123644,Ramone Morgan
http://www.wikidata.org/entity/Q66196132,http://www.wikidata.org/entity/Q2487180,Dale Dickey
http://www.wikidata.org/entity/Q66196208,http://www.wikidata.org/entity/Q45827,Stephanie Szostak
http://www.wikidata.org/entity/Q66196265,http://www.wikidata.org/entity/Q66124154,Sarah Farooqui
http://www.wikidata.org/entity/Q66196306,http://www.wikidata.org/entity/Q350589,Adam Pally
http://www.wikidata.org/entity/Q66196351,http://www.wikidata.org/entity/Q723256,Peter Serafinowicz
http://www.wikidata.org/entity/Q66196466,http://www.wikidata.org/entity/Q66091514,Robert Firth
http://www.wikidata.org/entity/Q66196576,http://www.wikidata.org/entity/Q66091645,Fred
http://www.wikidata.org/entity/Q66196729,http://www.wikidata.org/entity/Q366403,Matt Battaglia
http://www.wikidata.org/entity/Q66196786,http://www.wikidata.org/entity/Q66132395,Buddy Sosthand
http://www.wikidata.org/entity/Q66196831,http://www.wikidata.org/entity/Q3012305,Dale Godboldo
http://www.wikidata.org/entity/Q66196867,http://www.wikidata.org/entity/Q22943994,Jamie McShane
http://www.wikidata.org/entity/Q66196905,http://www.wikidata.org/entity/Q7147362,Patrick O'Brien Demsey
http://www.wikidata.org/entity/Q66196986,http://www.wikidata.org/entity/Q3938329,Robert Kazinsky
http://www.wikidata.org/entity/Q66197045,http://www.wikidata.org/entity/Q65967084,Richard Zeringue
http://www.wikidata.org/entity/Q66197086,http://www.wikidata.org/entity/Q32772803,Ana Ayora
http://www.wikidata.org/entity/Q66197162,http://www.wikidata.org/entity/Q3183232,Jon Sklaroff
http://www.wikidata.org/entity/Q66197206,http://www.wikidata.org/entity/Q66120938,Angela Russo-Otstot
http://www.wikidata.org/entity/Q66197241,http://www.wikidata.org/entity/Q273474,Branka Katić
http://www.wikidata.org/entity/Q66197283,http://www.wikidata.org/entity/Q20675767,Joe Russo
http://www.wikidata.org/entity/Q66197353,http://www.wikidata.org/entity/Q465914,Steven Culp
http://www.wikidata.org/entity/Q66197408,http://www.wikidata.org/entity/Q22680869,Joe Chrest
http://www.wikidata.org/entity/Q66197458,http://www.wikidata.org/entity/Q66018841,Nicholas Barrera
http://www.wikidata.org/entity/Q66197484,http://www.wikidata.org/entity/Q66018843,Carlos Aviles
http://www.wikidata.org/entity/Q66197514,http://www.wikidata.org/entity/Q66018852,Lyndsi LaRose
http://www.wikidata.org/entity/Q66197558,http://www.wikidata.org/entity/Q66018894,Danny Vasquez
http://www.wikidata.org/entity/Q66197610,http://www.wikidata.org/entity/Q30110166,Divian Ladwa
http://www.wikidata.org/entity/Q66197650,http://www.wikidata.org/entity/Q5584439,Goran Kostić
http://www.wikidata.org/entity/Q66197694,http://www.wikidata.org/entity/Q37933470,Sean Kleier
http://www.wikidata.org/entity/Q66197725,http://www.wikidata.org/entity/Q4888357,Benjamin Byron Davis
http://www.wikidata.org/entity/Q66197767,http://www.wikidata.org/entity/Q65978396,Suehyla El-Attar Young
http://www.wikidata.org/entity/Q66133428,http://www.wikidata.org/entity/Q4724034,Algenis Perez Soto
http://www.wikidata.org/entity/Q66133432,http://www.wikidata.org/entity/Q24312969,Lashana Lynch
http://www.wikidata.org/entity/Q66133435,http://www.wikidata.org/entity/Q19666388,Teyonah Parris
http://www.wikidata.org/entity/Q66133435,http://www.wikidata.org/entity/Q65966861,Akira Akbar
http://www.wikidata.org/entity/Q66133435,http://www.wikidata.org/entity/Q65966863,Azari Akbar
http://www.wikidata.org/entity/Q66133436,http://www.wikidata.org/entity/Q160432,Jude Law
http://www.wikidata.org/entity/Q66189072,http://www.wikidata.org/entity/Q5530706,Gemma Chan
http://www.wikidata.org/entity/Q24050088,http://www.wikidata.org/entity/Q205707,Bradley Cooper
http://www.wikidata.org/entity/Q24050088,http://www.wikidata.org/entity/Q431753,Sean Gunn
http://www.wikidata.org/entity/Q24050093,http://www.wikidata.org/entity/Q525065,Michael Rooker
http://www.wikidata.org/entity/Q24050097,http://www.wikidata.org/entity/Q231237,Karen Gillan
http://www.wikidata.org/entity/Q24050108,http://www.wikidata.org/entity/Q3395911,Pom Klementieff
http://www.wikidata.org/entity/Q42268330,http://www.wikidata.org/entity/Q2388576,Taika Waititi
http://www.wikidata.org/entity/Q42269449,http://www.wikidata.org/entity/Q4488,Clancy Brown
http://www.wikidata.org/entity/Q42270632,http://www.wikidata.org/entity/Q514569,Charlotte Nicdao
http://www.wikidata.org/entity/Q42271004,http://www.wikidata.org/entity/Q42270998,Cohen Holloway
http://www.wikidata.org/entity/Q42271875,http://www.wikidata.org/entity/Q42271867,Steven Oliver
http://www.wikidata.org/entity/Q42272028,http://www.wikidata.org/entity/Q42272020,Hamish Parkinson
http://www.wikidata.org/entity/Q52947626,http://www.wikidata.org/entity/Q355168,Lee Pace
http://www.wikidata.org/entity/Q52947928,http://www.wikidata.org/entity/Q439886,Ophelia Lovibond
http://www.wikidata.org/entity/Q53417307,http://www.wikidata.org/entity/Q636653,Danai Gurira
http://www.wikidata.org/entity/Q66197941,http://www.wikidata.org/entity/Q61998791,Joshua Sinclair-Evans
http://www.wikidata.org/entity/Q66197979,http://www.wikidata.org/entity/Q66132667,Tyler Luke Cunningham
http://www.wikidata.org/entity/Q66198026,http://www.wikidata.org/entity/Q66132669,Sebastian Viveros
http://www.wikidata.org/entity/Q66198065,http://www.wikidata.org/entity/Q299684,Claire Rushbrook
http://www.wikidata.org/entity/Q66198104,http://www.wikidata.org/entity/Q24579708,Clare Dunne
http://www.wikidata.org/entity/Q66198151,http://www.wikidata.org/entity/Q7025445,Nicholas Gleaves
http://www.wikidata.org/entity/Q66198297,http://www.wikidata.org/entity/Q3778264,J. B. Smoove
http://www.wikidata.org/entity/Q66198367,http://www.wikidata.org/entity/Q1151023,Numan Acar
http://www.wikidata.org/entity/Q66198533,http://www.wikidata.org/entity/Q503027,Powers Boothe
http://www.wikidata.org/entity/Q66198533,http://www.wikidata.org/entity/Q19560191,Cameron Palatas
http://www.wikidata.org/entity/Q66817198,http://www.wikidata.org/entity/Q15542608,Wyatt Russell
http://www.wikidata.org/entity/Q96379857,http://www.wikidata.org/entity/Q15144287,Brett Dalton
http://www.wikidata.org/entity/Q97798485,http://www.wikidata.org/entity/Q1323408,Enver Gjokaj
http://www.wikidata.org/entity/Q106962400,http://www.wikidata.org/entity/Q47540928,Jeff Ward
http://www.wikidata.org/entity/Q107506977,http://www.wikidata.org/entity/Q22277803,Florence Pugh
http://www.wikidata.org/entity/Q107723311,http://www.wikidata.org/entity/Q7562868,Sophia Di Martino
http://www.wikidata.org/entity/Q108403692,http://www.wikidata.org/entity/Q362616,Jon Bernthal
http://www.wikidata.org/entity/Q108415935,http://www.wikidata.org/entity/Q3208406,Chloe Bennet
http://www.wikidata.org/entity/Q110414906,http://www.wikidata.org/entity/Q454231,Charlie Cox
http://www.wikidata.org/entity/Q113043464,http://www.wikidata.org/entity/Q17284894,B.J. Britt
http://www.wikidata.org/entity/Q113169240,http://www.wikidata.org/entity/Q99774629,Iman Vellani
http://www.wikidata.org/entity/Q113177483,http://www.wikidata.org/entity/Q336788,Oscar Isaac
http://www.wikidata.org/entity/Q66197825,http://www.wikidata.org/entity/Q66132666,Yasmin Mwanza
http://www.wikidata.org/entity/Q66197863,http://www.wikidata.org/entity/Q66132664,Zoha Rahman
http://www.wikidata.org/entity/Q66197897,http://www.wikidata.org/entity/Q66132662,Zach Barack
http://www.wikidata.org/entity/Q116025879,http://www.wikidata.org/entity/Q6141629,Tenoch Huerta
http://www.wikidata.org/entity/Q123507539,http://www.wikidata.org/entity/Q102427314,Xochitl Gomez
http://www.wikidata.org/entity/Q125179103,http://www.wikidata.org/entity/Q313039,John Krasinski
http://www.wikidata.org/entity/Q125179103,http://www.wikidata.org/entity/Q14752155,Pedro Pascal
http://www.wikidata.org/entity/Q129084731,http://www.wikidata.org/entity/Q20974059,Stephen Rider
http://www.wikidata.org/entity/Q129084796,http://www.wikidata.org/entity/Q527771,Wilson Bethel
http://www.wikidata.org/entity/Q129086434,http://www.wikidata.org/entity/Q114179,Scott Glenn
http://www.wikidata.org/entity/Q129144133,http://www.wikidata.org/entity/Q326837,Élodie Yung
http://www.wikidata.org/entity/Q129144472,http://www.wikidata.org/entity/Q31293,Vondie Curtis-Hall
http://www.wikidata.org/entity/Q129151322,http://www.wikidata.org/entity/Q352203,Bob Gunton
http://www.wikidata.org/entity/Q129165717,http://www.wikidata.org/entity/Q232786,Alice Eve
http://www.wikidata.org/entity/Q129167228,http://www.wikidata.org/entity/Q1889482,Matt Gerald
http://www.wikidata.org/entity/Q129167244,http://www.wikidata.org/entity/Q67199354,Arty Froushan
http://www.wikidata.org/entity/Q129167260,http://www.wikidata.org/entity/Q951113,Elden Henson
http://www.wikidata.org/entity/Q129167274,http://www.wikidata.org/entity/Q232990,Deborah Ann Woll
http://www.wikidata.org/entity/Q129167317,http://www.wikidata.org/entity/Q240206,Margarita Levieva
http://www.wikidata.org/entity/Q129167340,http://www.wikidata.org/entity/Q66883418,Genneya Walton
http://www.wikidata.org/entity/Q129167347,http://www.wikidata.org/entity/Q275967,Ayelet Zurer
http://www.wikidata.org/entity/Q129168851,http://www.wikidata.org/entity/Q6893543,Mohan Kapur
http://www.wikidata.org/entity/Q129175900,http://www.wikidata.org/entity/Q20669310,Toby Leonard Moore
http://www.wikidata.org/entity/Q129175907,http://www.wikidata.org/entity/Q164069,Joanne Whalley
http://www.wikidata.org/entity/Q129175910,http://www.wikidata.org/entity/Q53579743,Jay Ali
http://www.wikidata.org/entity/Q133697747,http://www.wikidata.org/entity/Q6159535,Vanessa Kirby
http://www.wikidata.org/entity/Q133697756,http://www.wikidata.org/entity/Q39073476,Joseph Quinn
http://www.wikidata.org/entity/Q133697772,http://www.wikidata.org/entity/Q1279993,Ebon Moss-Bachrach
http://www.wikidata.org/entity/Q133806334,http://www.wikidata.org/entity/Q51754587,Danny Ramirez
http://www.wikidata.org/entity/Q133857993,http://www.wikidata.org/entity/Q1272489,Ralph Ineson
http://www.wikidata.org/entity/Q133858017,http://www.wikidata.org/entity/Q13560358,Julia Garner
http://www.wikidata.org/entity/Q135185215,http://www.wikidata.org/entity/Q210547,Aubrey Plaza
http://www.wikidata.org/entity/Q137425443,http://www.wikidata.org/entity/Q28655334,Yahya Abdul-Mateen II
http://www.wikidata.org/entity/Q139846964,http://www.wikidata.org/entity/Q15613720,Sasheer Zamata
http://www.wikidata.org/entity/Q139847093,http://www.wikidata.org/entity/Q106596551,Joe Locke
http://www.wikidata.org/entity/Q139850347,http://www.wikidata.org/entity/Q270324,Patti LuPone
http://www.wikidata.org/entity/Q139850358,http://www.wikidata.org/entity/Q50345169,Okwui Okpokwasili
