c,cLabel,genderLabel
http://www.wikidata.org/entity/Q19836,Cosmic Cube,
http://www.wikidata.org/entity/Q73544,Mockingbird,female
http://www.wikidata.org/entity/Q1369292,Phil Coulson,male
http://www.wikidata.org/entity/Q1424480,Daisy Johnson,female
http://www.wikidata.org/entity/Q2009899,Mantis,female
http://www.wikidata.org/entity/Q2473486,Destroyer,
http://www.wikidata.org/entity/Q2790757,Zeke Stane,male
http://www.wikidata.org/entity/Q2893095,Registration acts,
http://www.wikidata.org/entity/Q3496918,Star-Lord,male
http://www.wikidata.org/entity/Q3785970,Hive,
http://www.wikidata.org/entity/Q4135325,Erik Selvig,male
http://www.wikidata.org/entity/Q4412856,Asgardian,
http://www.wikidata.org/entity/Q6483429,Lance Hunter,male
http://www.wikidata.org/entity/Q6911845,Morgan Stark,female
http://www.wikidata.org/entity/Q6911845,Morgan Stark,male
http://www.wikidata.org/entity/Q7289996,Rampage,
http://www.wikidata.org/entity/Q7296820,Ravonna Renslayer,female
http://www.wikidata.org/entity/Q11703564,Sanctum Sanctorum,
http://www.wikidata.org/entity/Q16386826,Alphonso MacKenzie,male
http://www.wikidata.org/entity/Q20679944,Wakandan,
http://www.wikidata.org/entity/Q20979384,Jemma Simmons,female
http://www.wikidata.org/entity/Q21042559,Darcy Lewis,female
http://www.wikidata.org/entity/Q23750236,Raza,male
http://www.wikidata.org/entity/Q23750252,General Gabriel,male
http://www.wikidata.org/entity/Q23750365,J.A.R.V.I.S.,
http://www.wikidata.org/entity/Q23750514,William Ginter Riva,male
http://www.wikidata.org/entity/Q23750547,Abu Bakaar,male
http://www.wikidata.org/entity/Q23750571,Major Allen,male
http://www.wikidata.org/entity/Q23750808,Amira Ahmed,female
http://www.wikidata.org/entity/Q23751000,Omar,male
http://www.wikidata.org/entity/Q23751352,Ahmed,male
http://www.wikidata.org/entity/Q23751414,Jimmy,male
http://www.wikidata.org/entity/Q23751461,Pratt,male
http://www.wikidata.org/entity/Q23751498,Ramirez,female
http://www.wikidata.org/entity/Q23751702,Colonel Craig,male
http://www.wikidata.org/entity/Q23767768,General Joe Greller,male
http://www.wikidata.org/entity/Q23767790,Major Kathleen Sparr,female
http://www.wikidata.org/entity/Q23767804,Martina,female
http://www.wikidata.org/entity/Q23767828,Stanley,male
http://www.wikidata.org/entity/Q23832138,Wilson,male
http://www.wikidata.org/entity/Q23894605,Michelle Jones,female
http://www.wikidata.org/entity/Q23894608,Flash Thompson,male
http://www.wikidata.org/entity/Q23894967,Tony Stark,male
http://www.wikidata.org/entity/Q23895000,Pepper Potts,female
http://www.wikidata.org/entity/Q23895040,James Rhodes,male
http://www.wikidata.org/entity/Q23895063,Natasha Romanoff,female
http://www.wikidata.org/entity/Q23895076,Justin Hammer,male
http://www.wikidata.org/entity/Q23900364,Ivan Vanko,male
http://www.wikidata.org/entity/Q23900377,Nick Fury,male
http://www.wikidata.org/entity/Q23900407,Christine Everhart,female
http://www.wikidata.org/entity/Q23900437,Senator Stern,male
http://www.wikidata.org/entity/Q23900446,Howard Stark,male
http://www.wikidata.org/entity/Q23900470,Happy Hogan,male
http://www.wikidata.org/entity/Q23991129,Peter Parker,male
http://www.wikidata.org/entity/Q23991271,May Parker,female
http://www.wikidata.org/entity/Q23991694,Bucky Barnes,male
http://www.wikidata.org/entity/Q24004885,T'Challa,male
http://www.wikidata.org/entity/Q24004905,T'Chaka,male
http://www.wikidata.org/entity/Q24022098,Steve Rogers,male
http://www.wikidata.org/entity/Q24022345,Sam Wilson,male
http://www.wikidata.org/entity/Q24022457,Zemo,male
http://www.wikidata.org/entity/Q24022542,Wanda Maximoff,female
http://www.wikidata.org/entity/Q24022584,Vision,male
http://www.wikidata.org/entity/Q24026688,Clint Barton,male
http://www.wikidata.org/entity/Q24026703,Scott Lang,male
http://www.wikidata.org/entity/Q24027376,Thaddeus Ross,male
http://www.wikidata.org/entity/Q24027486,Sharon Carter,female
http://www.wikidata.org/entity/Q24027955,Melinda May,female
http://www.wikidata.org/entity/Q24027972,Daisy Johnson,female
http://www.wikidata.org/entity/Q24027982,Leo Fitz,male
http://www.wikidata.org/entity/Q24034679,Peggy Carter,female
http://www.wikidata.org/entity/Q24034722,Stephen Strange,male
http://www.wikidata.org/entity/Q24040742,Brock Rumlow,male
http://www.wikidata.org/entity/Q24040913,Everett K. Ross,male
http://www.wikidata.org/entity/Q24040935,Maria Stark,female
http://www.wikidata.org/entity/Q24040949,Miriam,female
http://www.wikidata.org/entity/Q24040958,Watcher Informant,male
http://www.wikidata.org/entity/Q24040968,Vasily Karpov,male
http://www.wikidata.org/entity/Q24043637,Karl Mordo,male
http://www.wikidata.org/entity/Q24045741,The Ancient One,female
http://www.wikidata.org/entity/Q24045748,Nicodemus West,male
http://www.wikidata.org/entity/Q24045752,Wong,male
http://www.wikidata.org/entity/Q24046102,Thor,male
http://www.wikidata.org/entity/Q24046106,Jane Foster,female
http://www.wikidata.org/entity/Q24046118,Loki,male
http://www.wikidata.org/entity/Q24046118,Loki,genderfluid
http://www.wikidata.org/entity/Q24046126,Odin,male
http://www.wikidata.org/entity/Q24046150,Heimdall,male
http://www.wikidata.org/entity/Q24046153,Laufey,male
http://www.wikidata.org/entity/Q24046160,Volstagg,male
http://www.wikidata.org/entity/Q24049976,Hogun,male
http://www.wikidata.org/entity/Q24049985,Fandral,male
http://www.wikidata.org/entity/Q24049994,Lady Sif,female
http://www.wikidata.org/entity/Q24049999,Frigga,female
http://www.wikidata.org/entity/Q24050065,Peter Quill,male
http://www.wikidata.org/entity/Q24050072,Gamora,female
http://www.wikidata.org/entity/Q24050079,Drax,male
http://www.wikidata.org/entity/Q24050083,Groot,male organism
http://www.wikidata.org/entity/Q24050088,Rocket,male organism
http://www.wikidata.org/entity/Q24050093,Yondu Udonta,male
http://www.wikidata.org/entity/Q53519878,Claire Weiss,female
http://www.wikidata.org/entity/Q55221009,The Other,male
http://www.wikidata.org/entity/Q55405344,Karen,
http://www.wikidata.org/entity/Q56231221,Councilwoman Hawley,female
http://www.wikidata.org/entity/Q56379586,I.C.E.R.,
http://www.wikidata.org/entity/Q60485015,Aaron Davis,male
http://www.wikidata.org/entity/Q60485245,Quentin Beck,male
http://www.wikidata.org/entity/Q60485274,Maria Hill,female
http://www.wikidata.org/entity/Q60485305,John Garrett,male
http://www.wikidata.org/entity/Q60485320,Michael Peterson,male
http://www.wikidata.org/entity/Q60828180,Melissa Bowen,female
http://www.wikidata.org/entity/Q63405860,Howard the Duck,male
http://www.wikidata.org/entity/Q64099772,Wilson Fisk,male
http://www.wikidata.org/entity/Q64514311,Raina,female
http://www.wikidata.org/entity/Q64514325,Ian Quinn,male
http://www.wikidata.org/entity/Q64658380,Carol Danvers,female
http://www.wikidata.org/entity/Q64692748,I am Groot,
http://www.wikidata.org/entity/Q64825451,Thanos,male
http://www.wikidata.org/entity/Q65920871,Edwin Jarvis,male
http://www.wikidata.org/entity/Q65928804,Maya Hansen,female
http://www.wikidata.org/entity/Q65929156,Aldrich Killian,male
http://www.wikidata.org/entity/Q65929198,Shang-Chi,male
http://www.wikidata.org/entity/Q65929221,Wenwu,male
http://www.wikidata.org/entity/Q65929267,Eric Savin,male
http://www.wikidata.org/entity/Q65929293,Ho Yinsen,male
http://www.wikidata.org/entity/Q65929369,Wolfgang von Strucker,male
http://www.wikidata.org/entity/Q65929568,Kurse,male
http://www.wikidata.org/entity/Q65929591,Georges Batroc,male
http://www.wikidata.org/entity/Q65929641,Tyr,male
http://www.wikidata.org/entity/Q65929696,Korath,male
http://www.wikidata.org/entity/Q65929709,Blade,male
http://www.wikidata.org/entity/Q65929729,Malekith,male
http://www.wikidata.org/entity/Q65929755,Alexander Pierce,male
http://www.wikidata.org/entity/Q65929788,Betty Ross,female
http://www.wikidata.org/entity/Q65929830,Leonard Samson,male
http://www.wikidata.org/entity/Q65929846,Samuel Sterns,male
http://www.wikidata.org/entity/Q65935271,Obadiah Stane,male
http://www.wikidata.org/entity/Q65935285,Dum Dum Dugan,male
http://www.wikidata.org/entity/Q65935296,Abraham Erskine,male
http://www.wikidata.org/entity/Q65935320,Gabe Jones,male
http://www.wikidata.org/entity/Q65935329,Chester Phillips,male
http://www.wikidata.org/entity/Q65935346,Jim Morita,male
http://www.wikidata.org/entity/Q65935363,Heinz Kruger,male
http://www.wikidata.org/entity/Q65935380,Emil Blonsky,male
http://www.wikidata.org/entity/Q65935522,Rhomann Dey,male
http://www.wikidata.org/entity/Q65935548,Kaecilius,male
http://www.wikidata.org/entity/Q65935573,Taserface,male
http://www.wikidata.org/entity/Q65935802,Corvus Glaive,male
http://www.wikidata.org/entity/Q65935811,Eitri,male
http://www.wikidata.org/entity/Q65935830,Ajak,female
http://www.wikidata.org/entity/Q65935839,J. Jonah Jameson,male
http://www.wikidata.org/entity/Q65935848,Alexei Shostakov,male
http://www.wikidata.org/entity/Q65935858,Ikaris,male
http://www.wikidata.org/entity/Q65935876,Betty Brant,female
http://www.wikidata.org/entity/Q65937785,Gilgamesh,male
http://www.wikidata.org/entity/Q65937794,Makkari,female
http://www.wikidata.org/entity/Q65937802,Phastos,male
http://www.wikidata.org/entity/Q65937810,Sprite,female
http://www.wikidata.org/entity/Q65937816,Thena,female
http://www.wikidata.org/entity/Q65937824,Proxima Midnight,female
http://www.wikidata.org/entity/Q65937880,Bor,male
http://www.wikidata.org/entity/Q65937899,Eir,female
http://www.wikidata.org/entity/Q65937931,Cull Obsidian,male
http://www.wikidata.org/entity/Q65937943,Ebony Maw,male
http://www.wikidata.org/entity/Q65938290,Kingo Sunen,male
http://www.wikidata.org/entity/Q65952746,Stakar Ogord,male
http://www.wikidata.org/entity/Q65952811,Meredith Quill,female
http://www.wikidata.org/entity/Q66132762,Cameron Klein,male
http://www.wikidata.org/entity/Q66132777,Cooper Barton,male
http://www.wikidata.org/entity/Q66133282,Cindy Moon,female
http://www.wikidata.org/entity/Q66133287,Sally Avril,female
http://www.wikidata.org/entity/Q66133301,Brian McKeever,male
http://www.wikidata.org/entity/Q66133307,Jack McGee,male
http://www.wikidata.org/entity/Q66133315,Georgi Luchkov,male
http://www.wikidata.org/entity/Q66133318,Senator Boynton,male
http://www.wikidata.org/entity/Q66133320,Shawna Lynde,female
http://www.wikidata.org/entity/Q66133325,Ian Boothby,male
http://www.wikidata.org/entity/Q66133331,Peachy,male
http://www.wikidata.org/entity/Q66133333,Aleta Ogord,female
http://www.wikidata.org/entity/Q66133335,Charlie-27,male
http://www.wikidata.org/entity/Q66133337,Huhtar,male
http://www.wikidata.org/entity/Q66133338,Martinex,male
http://www.wikidata.org/entity/Q66133342,Tullk,male
http://www.wikidata.org/entity/Q66133355,Zylak,male
http://www.wikidata.org/entity/Q66133358,Bereet,female
http://www.wikidata.org/entity/Q66133359,Horuz,male
http://www.wikidata.org/entity/Q66133364,Moloka Dar,male
http://www.wikidata.org/entity/Q66133366,Councilman Rockwell,male
http://www.wikidata.org/entity/Q66133368,Ava Starr,female
http://www.wikidata.org/entity/Q66133372,Bill Foster,male
http://www.wikidata.org/entity/Q66133380,Sonny Burch,male
http://www.wikidata.org/entity/Q66133381,Jimmy Woo,male
http://www.wikidata.org/entity/Q66133383,Elihas Starr,male
http://www.wikidata.org/entity/Q66133388,Catherine Starr,female
http://www.wikidata.org/entity/Q66133393,Goose,male organism
http://www.wikidata.org/entity/Q66133428,Att-Lass,male
http://www.wikidata.org/entity/Q66133432,Maria Rambeau,female
http://www.wikidata.org/entity/Q66133435,Monica Rambeau,female
http://www.wikidata.org/entity/Q66133436,Yon-Rogg,male
http://www.wikidata.org/entity/Q66189072,Minn-Erva,female
http://www.wikidata.org/entity/Q24050112,Irani Rael,female
http://www.wikidata.org/entity/Q24050114,Ego,male
http://www.wikidata.org/entity/Q24050117,Bruce Banner,male
http://www.wikidata.org/entity/Q24050122,Hela,female
http://www.wikidata.org/entity/Q24050133,Hope van Dyne,female
http://www.wikidata.org/entity/Q24068213,Detective Lemieux,male
http://www.wikidata.org/entity/Q24068383,General Meade,male
http://www.wikidata.org/entity/Q24068387,Ten Rings Gangster,male
http://www.wikidata.org/entity/Q24068391,Anton Vanko,male
http://www.wikidata.org/entity/Q24068402,Rebecca,female
http://www.wikidata.org/entity/Q24068411,Rebeka,female
http://www.wikidata.org/entity/Q24073665,Bambi Arbogast,female
http://www.wikidata.org/entity/Q24073681,Chess Roberts,female
http://www.wikidata.org/entity/Q24073725,Jack,male
http://www.wikidata.org/entity/Q24083294,Jasper Sitwell,male
http://www.wikidata.org/entity/Q24083312,Isabela Alvarez,female
http://www.wikidata.org/entity/Q24131920,Puente Antiguo,
http://www.wikidata.org/entity/Q24175349,Frost Giant Sentry,male
http://www.wikidata.org/entity/Q24175951,Valkyrie,female
http://www.wikidata.org/entity/Q24176023,Grandmaster,male
http://www.wikidata.org/entity/Q24176049,Skurge,male
http://www.wikidata.org/entity/Q24200251,Johann Schmidt,male
http://www.wikidata.org/entity/Q24206844,Hailstrum,male
http://www.wikidata.org/entity/Q24207018,Trevor Slattery,male
http://www.wikidata.org/entity/Q24265423,Hank Pym,male
http://www.wikidata.org/entity/Q24275986,Darren Cross,male
http://www.wikidata.org/entity/Q24275991,James Paxton,male
http://www.wikidata.org/entity/Q24276086,Luis,male
http://www.wikidata.org/entity/Q24276092,Maggie Lang,female
http://www.wikidata.org/entity/Q24276097,Dave,male
http://www.wikidata.org/entity/Q24276100,Kurt,male
http://www.wikidata.org/entity/Q24276107,Gale,male
http://www.wikidata.org/entity/Q24510074,School principal,male
http://www.wikidata.org/entity/Q25714609,Security Guard,male
http://www.wikidata.org/entity/Q25936379,Harley Keener,male
http://www.wikidata.org/entity/Q26224467,Christine Palmer,female
http://www.wikidata.org/entity/Q26261996,Phineas Mason,male
http://www.wikidata.org/entity/Q26268850,Erik Killmonger,male
http://www.wikidata.org/entity/Q26268859,Nakia,female
http://www.wikidata.org/entity/Q26758863,Ayo,female
http://www.wikidata.org/entity/Q26760958,Wakanda,
http://www.wikidata.org/entity/Q26761024,Dr. Broussard,male
http://www.wikidata.org/entity/Q26761595,UN Staffer Gibson,female
http://www.wikidata.org/entity/Q26761640,Zemo's Wife,female
http://www.wikidata.org/entity/Q26771565,Josef,male
http://www.wikidata.org/entity/Q26772284,Ayesha,female
http://www.wikidata.org/entity/Q26772344,Gef,male
http://www.wikidata.org/entity/Q26772371,Retch,male
http://www.wikidata.org/entity/Q26772381,Halfnut,male
http://www.wikidata.org/entity/Q26772388,Brahl,male
http://www.wikidata.org/entity/Q26772430,Oblo,male
http://www.wikidata.org/entity/Q26772438,Narblik,male organism
http://www.wikidata.org/entity/Q26772446,Scrote,male
http://www.wikidata.org/entity/Q26809707,Liz Toomes,female
http://www.wikidata.org/entity/Q26817985,Arnim Zola,male
http://www.wikidata.org/entity/Q26857638,Lincoln Campbell,
http://www.wikidata.org/entity/Q27045831,M'Baku,male
http://www.wikidata.org/entity/Q27057203,Cassie Lang,female
http://www.wikidata.org/entity/Q27057247,Mitchell Carson,male
http://www.wikidata.org/entity/Q27057308,Dale,male
http://www.wikidata.org/entity/Q27062173,Robbie Reyes / Ghost Rider,male
http://www.wikidata.org/entity/Q27067868,Hideous Rabbit,
http://www.wikidata.org/entity/Q27067914,Janet van Dyne,female
http://www.wikidata.org/entity/Q27092482,Ulysses Klaue,male
http://www.wikidata.org/entity/Q27101591,Ultron,male organism
http://www.wikidata.org/entity/Q27101792,Pietro Maximoff,male
http://www.wikidata.org/entity/Q27132943,Cottonmouth,male
http://www.wikidata.org/entity/Q27147335,Zuri,male
http://www.wikidata.org/entity/Q27147410,W'Kabi,male
http://www.wikidata.org/entity/Q27237328,Jonathan Pangborn,male
http://www.wikidata.org/entity/Q27468455,Claire Temple,female
http://www.wikidata.org/entity/Q27624318,Lucian,male
http://www.wikidata.org/entity/Q27624531,Hamir,male
http://www.wikidata.org/entity/Q27624560,Sol Rama,male
http://www.wikidata.org/entity/Q27627816,Dormammu,male organism
http://www.wikidata.org/entity/Q27670271,Tina Minoru,female
http://www.wikidata.org/entity/Q27670314,Daniel Drumm,male
http://www.wikidata.org/entity/Q27670318,Patel,female
http://www.wikidata.org/entity/Q27670335,Nurse Billy,male
http://www.wikidata.org/entity/Q27670340,Dr. Garrison,female
http://www.wikidata.org/entity/Q27670356,Dr. Weiss,male
http://www.wikidata.org/entity/Q27804665,Hydra Buyer,male
http://www.wikidata.org/entity/Q27813421,Adrian Toomes,male
http://www.wikidata.org/entity/Q27902081,Ramonda,female
http://www.wikidata.org/entity/Q27996066,Herman Schultz,male
http://www.wikidata.org/entity/Q28379764,N'Jobu,male
http://www.wikidata.org/entity/Q28914116,Taneleer Tivan,male
http://www.wikidata.org/entity/Q29051978,Shuri,female
http://www.wikidata.org/entity/Q29053559,Ned Leeds,male
http://www.wikidata.org/entity/Q29842885,Kraglin,male
http://www.wikidata.org/entity/Q42201389,Topaz,female
http://www.wikidata.org/entity/Q42268330,Korg,male
http://www.wikidata.org/entity/Q42269449,Surtur,male
http://www.wikidata.org/entity/Q42270632,Actor Sif,female
http://www.wikidata.org/entity/Q42271004,Lead Scrapper,male
http://www.wikidata.org/entity/Q42271875,Cousin Carlo,male
http://www.wikidata.org/entity/Q42272028,Beerbot 5000,male
http://www.wikidata.org/entity/Q52947626,Ronan,male
http://www.wikidata.org/entity/Q52947928,Carina,female
http://www.wikidata.org/entity/Q53417307,Okoye,female
http://www.wikidata.org/entity/Q115331100,Destruction of the Chinese Theatre,
http://www.wikidata.org/entity/Q115331185,Destruction of Tony Stark's Mansion,
http://www.wikidata.org/entity/Q115331208,Battle of Rose Hill,
http://www.wikidata.org/entity/Q115331237,Kidnapping of James Rhodes,
http://www.wikidata.org/entity/Q115331282,Infiltration into Aldrich Killian's Mansion,
http://www.wikidata.org/entity/Q115331403,Kidnapping of President Ellis,
http://www.wikidata.org/entity/Q115331422,Battle on the Norco,
http://www.wikidata.org/entity/Q115361593,War of the Nine Realms,
http://www.wikidata.org/entity/Q115361748,Battle of Vanaheim,
http://www.wikidata.org/entity/Q115361944,Convergence,
http://www.wikidata.org/entity/Q115362072,Second Dark Elf Conflict,
http://www.wikidata.org/entity/Q115362155,Sacking of Asgard,
http://www.wikidata.org/entity/Q115362231,Second Battle of Svartalfheim,
http://www.wikidata.org/entity/Q115362282,Battle of Greenwich,
http://www.wikidata.org/entity/Q116025879,Namor,male
http://www.wikidata.org/entity/Q116207431,Stark Industries Aviation Division,
http://www.wikidata.org/entity/Q116207455,Ten Rings Base,
http://www.wikidata.org/entity/Q116207510,Stark Industries Headquarters,
http://www.wikidata.org/entity/Q116207587,S.H.I.E.L.D. Los Angeles Office,
http://www.wikidata.org/entity/Q116207612,Roxxon Corporation Building,
http://www.wikidata.org/entity/Q116207649,Obadiah Stane's Mansion,
http://www.wikidata.org/entity/Q116207693,Mark I Iron Man Armor,
http://www.wikidata.org/entity/Q116207744,Mark II Iron Man Armor,
http://www.wikidata.org/entity/Q116207769,Mark III Iron Man Armor,
http://www.wikidata.org/entity/Q116207798,Iron Monger Armor,
http://www.wikidata.org/entity/Q116207824,Sonic Taser,
http://www.wikidata.org/entity/Q116207853,Dum-E and U,
http://www.wikidata.org/entity/Q116207938,Pick-Lock Device,
http://www.wikidata.org/entity/Q116207967,Stark Industries Fragmentation Shell,
http://www.wikidata.org/entity/Q116208119,Stark Industries Private Jet,
http://www.wikidata.org/entity/Q116208146,Ford Flathead Roadster,
http://www.wikidata.org/entity/Q116208311,RJ News,
http://www.wikidata.org/entity/Q116208369,KNKV News,
http://www.wikidata.org/entity/Q116208470,FBX,
http://www.wikidata.org/entity/Q116208626,KPFW,
http://www.wikidata.org/entity/Q116208846,KHEJ,
http://www.wikidata.org/entity/Q116215722,Bruce Banner's Apartment Building,
http://www.wikidata.org/entity/Q116215785,Pingo Doce Bottling Plant,
http://www.wikidata.org/entity/Q116215803,Watcher Informant's House,
http://www.wikidata.org/entity/Q116215847,Stanley's Pizza Parlor,
http://www.wikidata.org/entity/Q116215906,Willowdale,
http://www.wikidata.org/entity/Q116215927,Fort Johnson,
http://www.wikidata.org/entity/Q116216019,Smoky Mountain National Forest,
http://www.wikidata.org/entity/Q116216038,Five Mile Fork,
http://www.wikidata.org/entity/Q116216070,Grayburn College,
http://www.wikidata.org/entity/Q116216121,Bruce Banner's Hideout,
http://www.wikidata.org/entity/Q116216142,Demolished Bar,
http://www.wikidata.org/entity/Q116216161,Gamma Ray Projector,
http://www.wikidata.org/entity/Q116216511,Pingo Doce,
http://www.wikidata.org/entity/Q116216575,Super Soldier Serum,
http://www.wikidata.org/entity/Q116216737,Stark Sonic Cannon,
http://www.wikidata.org/entity/Q116216769,Stark Industries Rocket Launcher,
http://www.wikidata.org/entity/Q116216818,Inventory of Rare and Endangered Tracheophyta of Amazônia,
http://www.wikidata.org/entity/Q116216857,Compact Portuguese English Dictionary,
http://www.wikidata.org/entity/Q116216921,Ricky,
http://www.wikidata.org/entity/Q116217056,Bio-Tech Force Enhancement Project,
http://www.wikidata.org/entity/Q116217292,WHiH World News,
http://www.wikidata.org/entity/Q116217586,Culver University Press,
http://www.wikidata.org/entity/Q116217808,Avengers Initiative,
http://www.wikidata.org/entity/Q116278718,Ivan Vanko's Workshop,
http://www.wikidata.org/entity/Q116279192,Mark IV Iron Man Armor,
http://www.wikidata.org/entity/Q116279806,Mark V Iron Man Armor,
http://www.wikidata.org/entity/Q116279907,Mark VI Iron Man Armor,
http://www.wikidata.org/entity/Q116280056,Mark I War Machine Armor,
http://www.wikidata.org/entity/Q116280126,Mark I Whiplash Armor,
http://www.wikidata.org/entity/Q116280197,Mark II Whiplash Armor,
http://www.wikidata.org/entity/Q116280328,Expo Intro,
http://www.wikidata.org/entity/Q116280396,Tony Stark's New Element,
http://www.wikidata.org/entity/Q116280508,Feebles,
http://www.wikidata.org/entity/Q116280545,Hammer Drones,
http://www.wikidata.org/entity/Q116280678,Taser Disk,
http://www.wikidata.org/entity/Q116280770,Ex-Wife Missile,
http://www.wikidata.org/entity/Q116280807,Stark Medical Scanner,
http://www.wikidata.org/entity/Q116280838,Howard Stark's S.H.I.E.L.D. Box,
http://www.wikidata.org/entity/Q116280895,Potato Bomb,
http://www.wikidata.org/entity/Q116280954,Uru,
http://www.wikidata.org/entity/Q116281107,Irina,
http://www.wikidata.org/entity/Q116281152,Hammer Industries,
http://www.wikidata.org/entity/Q116281223,Ironette Dancers,
http://www.wikidata.org/entity/Q116281271,London Express News,
http://www.wikidata.org/entity/Q116281305,The Dallas Record,
http://www.wikidata.org/entity/Q116281359,The Boston Guardian,
http://www.wikidata.org/entity/Q116281397,Toronto Telegraph,
http://www.wikidata.org/entity/Q116294493,New Asgard,
http://www.wikidata.org/entity/Q116294729,Smith Motors,
http://www.wikidata.org/entity/Q116294759,Isabela's Diner,
http://www.wikidata.org/entity/Q116295067,Puente Antiguo County Hospital,
http://www.wikidata.org/entity/Q116295124,Pet Palace,
http://www.wikidata.org/entity/Q116295236,Joint Dark Energy Mission Facility,
http://www.wikidata.org/entity/Q116295317,Nine Realms,
http://www.wikidata.org/entity/Q116295398,Hall of Asgard,
http://www.wikidata.org/entity/Q116295569,Rainbow Bridge,
http://www.wikidata.org/entity/Q116295832,Asgardian Armor,
http://www.wikidata.org/entity/Q116295948,Casket of Ancient Winters,
http://www.wikidata.org/entity/Q116296434,Fake Infinity Gauntlet,
http://www.wikidata.org/entity/Q116296496,Warlock's Eye,
http://www.wikidata.org/entity/Q116296539,Tablet of Life and Time,
http://www.wikidata.org/entity/Q116296633,Hofund,
http://www.wikidata.org/entity/Q116296740,Sif's Sword and Shield,
http://www.wikidata.org/entity/Q116296844,Fimbuldraugr,
http://www.wikidata.org/entity/Q66189190,Soh-Larr,male
http://www.wikidata.org/entity/Q66189316,Talos,male
http://www.wikidata.org/entity/Q66189422,Bron-Char,male
http://www.wikidata.org/entity/Q66189494,Soren,female
http://www.wikidata.org/entity/Q66189636,Steven Danvers,male
http://www.wikidata.org/entity/Q66189681,Joseph Danvers,male
http://www.wikidata.org/entity/Q66189735,Norex,male
http://www.wikidata.org/entity/Q66189877,Mar-Vell,female
http://www.wikidata.org/entity/Q66190034,Supreme Intelligence,
http://www.wikidata.org/entity/Q66190214,Councilman Yen,male
http://www.wikidata.org/entity/Q66190289,Jack Rollins,male
http://www.wikidata.org/entity/Q66190431,Nagendra Singh,male
http://www.wikidata.org/entity/Q66190494,Laura Barton,female
http://www.wikidata.org/entity/Q66190714,Nathaniel Pietro Barton,male
http://www.wikidata.org/entity/Q66190801,Lila Barton,female
http://www.wikidata.org/entity/Q66190910,Helen Cho,female
http://www.wikidata.org/entity/Q66190994,Madame B,female
http://www.wikidata.org/entity/Q66191108,Doctor List,male
http://www.wikidata.org/entity/Q66191257,Akihiko,male
http://www.wikidata.org/entity/Q66191428,Vice President Rodriguez,male
http://www.wikidata.org/entity/Q66191496,Doctor Wu,male
http://www.wikidata.org/entity/Q66191596,Jack Taggart,male
http://www.wikidata.org/entity/Q66191655,Chad Davis,male
http://www.wikidata.org/entity/Q66191701,Thomas Richards,male
http://www.wikidata.org/entity/Q66191882,Matthew Ellis,male
http://www.wikidata.org/entity/Q66192035,E.D.I.T.H.,
http://www.wikidata.org/entity/Q66192223,Jason Ionello,male
http://www.wikidata.org/entity/Q66192354,Brad Davis,male
http://www.wikidata.org/entity/Q66192435,Roger Harrington,male
http://www.wikidata.org/entity/Q66192865,Doris Toomes,female
http://www.wikidata.org/entity/Q66192949,Anne Marie Hoag,female
http://www.wikidata.org/entity/Q66193113,Jackson Brice,male
http://www.wikidata.org/entity/Q66193253,Mac Gargan,male
http://www.wikidata.org/entity/Q66193312,Mr. Delmar,male
http://www.wikidata.org/entity/Q66193374,Mr. Hapgood,male
http://www.wikidata.org/entity/Q66193444,Principal Morita,male
http://www.wikidata.org/entity/Q66193513,Coach Wilson,male
http://www.wikidata.org/entity/Q66193683,Abraham Brown,male
http://www.wikidata.org/entity/Q66193752,Ms. Warren,female
http://www.wikidata.org/entity/Q66193792,Mr. Cobbwell,male
http://www.wikidata.org/entity/Q66193853,Seymour,male
http://www.wikidata.org/entity/Q66193924,Randy Vale,male
http://www.wikidata.org/entity/Q66194002,Gilmore Hodge,male
http://www.wikidata.org/entity/Q66194056,Hutter,male
http://www.wikidata.org/entity/Q66194115,Jacques Dernier,male
http://www.wikidata.org/entity/Q66194172,Private Lorraine,female
http://www.wikidata.org/entity/Q66194263,James Montgomery Falsworth,male
http://www.wikidata.org/entity/Q66194316,Schneider,male
http://www.wikidata.org/entity/Q66194363,Bonnie,female
http://www.wikidata.org/entity/Q66194397,Connie,female
http://www.wikidata.org/entity/Q66194446,Senator Brandt,male
http://www.wikidata.org/entity/Q66194497,Michael Duffy,male
http://www.wikidata.org/entity/Q66194598,Roeder,male
http://www.wikidata.org/entity/Q66195344,Fitzgibbon,male
http://www.wikidata.org/entity/Q66195461,Tower Keeper,male
http://www.wikidata.org/entity/Q66195522,Jan,male
http://www.wikidata.org/entity/Q66195568,Zrinka,female
http://www.wikidata.org/entity/Q66195604,Costel,male
http://www.wikidata.org/entity/Q66195670,Foster,male
http://www.wikidata.org/entity/Q66195769,Charles Murphy,male
http://www.wikidata.org/entity/Q66195847,Limbani,male
http://www.wikidata.org/entity/Q66195880,Linda,female
http://www.wikidata.org/entity/Q66195918,Sophia,female
http://www.wikidata.org/entity/Q66195968,Richard Madison,male
http://www.wikidata.org/entity/Q66196008,Maddie,female
http://www.wikidata.org/entity/Q66196036,Navid,male
http://www.wikidata.org/entity/Q66196067,John,male
http://www.wikidata.org/entity/Q66196132,Mrs. Davis,female
http://www.wikidata.org/entity/Q66196208,Ellen Brandt,female
http://www.wikidata.org/entity/Q66196265,Heather,female
http://www.wikidata.org/entity/Q66196306,Gary,male
http://www.wikidata.org/entity/Q66196351,Garthan Saal,male
http://www.wikidata.org/entity/Q66196466,Dr. Fitzgibbon,male
http://www.wikidata.org/entity/Q66196576,Cosmo,male organism
http://www.wikidata.org/entity/Q66196729,Pete,male
http://www.wikidata.org/entity/Q66196786,Delancey,male
http://www.wikidata.org/entity/Q66196831,Garrett,male
http://www.wikidata.org/entity/Q66196867,Agent Jackson,male
http://www.wikidata.org/entity/Q66196905,Cale,male
http://www.wikidata.org/entity/Q66196986,Don,male
http://www.wikidata.org/entity/Q66197045,Tom the Neighbor,male
http://www.wikidata.org/entity/Q66197086,Whitcher,female
http://www.wikidata.org/entity/Q66197162,Russo,male
http://www.wikidata.org/entity/Q66197206,Garcia,female
http://www.wikidata.org/entity/Q66197241,Renata,female
http://www.wikidata.org/entity/Q66197283,Fine,male
http://www.wikidata.org/entity/Q66197353,Wenham,male
http://www.wikidata.org/entity/Q66197408,Frank,male
http://www.wikidata.org/entity/Q66197458,Ernesto,male
http://www.wikidata.org/entity/Q66197484,Carlos,male
http://www.wikidata.org/entity/Q66197514,Emily,female
http://www.wikidata.org/entity/Q66197558,Ignacio,male
http://www.wikidata.org/entity/Q66197610,Uzman,male
http://www.wikidata.org/entity/Q66197650,Anitolov,male
http://www.wikidata.org/entity/Q66197694,Stoltz,male
http://www.wikidata.org/entity/Q66197725,Burleigh,male
http://www.wikidata.org/entity/Q66197767,Pearson,female
http://www.wikidata.org/entity/Q66197825,Yasmin Monette,female
http://www.wikidata.org/entity/Q66197863,Zoha,female
http://www.wikidata.org/entity/Q66197897,Zach Cooper,male
http://www.wikidata.org/entity/Q66197941,Josh Scarino,male
http://www.wikidata.org/entity/Q66197979,Tyler Corbyn,male
http://www.wikidata.org/entity/Q66198026,Sebastian,male
http://www.wikidata.org/entity/Q66198065,Janice Lincoln,female
http://www.wikidata.org/entity/Q66198104,Victoria Snow,female
http://www.wikidata.org/entity/Q66198151,Guterman,male
http://www.wikidata.org/entity/Q66198297,Julius Dell,male
http://www.wikidata.org/entity/Q66198367,Dimitri Smerdyakov,male
http://www.wikidata.org/entity/Q66198533,Gideon Malick,male
http://www.wikidata.org/entity/Q66311235,Flora colossus,
http://www.wikidata.org/entity/Q66311261,Asgardian,
http://www.wikidata.org/entity/Q66311272,frost giant,
http://www.wikidata.org/entity/Q66311286,Titan,
http://www.wikidata.org/entity/Q66311293,Zehoberei,
http://www.wikidata.org/entity/Q66311325,Centaurian,
http://www.wikidata.org/entity/Q66311328,Luphomoid,
http://www.wikidata.org/entity/Q66311333,Celestial,
http://www.wikidata.org/entity/Q66311335,Xandarian,
http://www.wikidata.org/entity/Q66311342,Sovereign,
http://www.wikidata.org/entity/Q66311351,Kronan,
http://www.wikidata.org/entity/Q66311395,Kree,
http://www.wikidata.org/entity/Q66311399,Krylorian,
http://www.wikidata.org/entity/Q66311403,Dark Elf,
http://www.wikidata.org/entity/Q66311406,Dwarf,
http://www.wikidata.org/entity/Q66311412,Skrull,
http://www.wikidata.org/entity/Q66311417,Eternal,
http://www.wikidata.org/entity/Q66311420,Flerken,
http://www.wikidata.org/entity/Q66817198,John Walker,male
http://www.wikidata.org/entity/Q96265004,Benatar,
http://www.wikidata.org/entity/Q96280132,Milano,
http://www.wikidata.org/entity/Q96379736,Gorr the God Butcher,male
http://www.wikidata.org/entity/Q96379857,Grant Ward,male
http://www.wikidata.org/entity/Q97798485,Daniel Sousa,male
http://www.wikidata.org/entity/Q103046044,Iron Man's armor,
http://www.wikidata.org/entity/Q106143110,Sokovia,
http://www.wikidata.org/entity/Q106843272,Avengers,
http://www.wikidata.org/entity/Q106856883,The Blip,
http://www.wikidata.org/entity/Q106939354,Infinity Stones,
http://www.wikidata.org/entity/Q106962400,Deke Shaw,male
http://www.wikidata.org/entity/Q107203470,Maria Pym,female
http://www.wikidata.org/entity/Q107506977,Yelena Belova,female
http://www.wikidata.org/entity/Q107723311,Sylvie,genderfluid
http://www.wikidata.org/entity/Q108170999,I Am Groot,
http://www.wikidata.org/entity/Q108403692,Frank Castle,male
http://www.wikidata.org/entity/Q108415935,Daisy Johnson,female
http://www.wikidata.org/entity/Q108515638,Actor Loki,male
http://www.wikidata.org/entity/Q109649169,Iron Legion,
http://www.wikidata.org/entity/Q110414906,Matt Murdock,male
http://www.wikidata.org/entity/Q110818826,Tesseract,
http://www.wikidata.org/entity/Q110825083,Eye of Agamotto,
http://www.wikidata.org/entity/Q110970890,Quantum Realm,
http://www.wikidata.org/entity/Q111382468,Arc reactor,
http://www.wikidata.org/entity/Q111385820,Kate Bishop,female
http://www.wikidata.org/entity/Q111442407,Tony Stark's Mansion,
http://www.wikidata.org/entity/Q113043464,Antoine Triplett,male
http://www.wikidata.org/entity/Q113169240,Kamala Khan,female
http://www.wikidata.org/entity/Q113177483,Moon Knight,male
http://www.wikidata.org/entity/Q113576166,Guardians of the Galaxy,
http://www.wikidata.org/entity/Q114241293,Kidnapping of Tony Stark,
http://www.wikidata.org/entity/Q114241357,Battle of Gulmira,
http://www.wikidata.org/entity/Q114241386,Duel of Los Angeles,
http://www.wikidata.org/entity/Q114241396,Gulmira,
http://www.wikidata.org/entity/Q114247358,Bruce Banner Manhunt,
http://www.wikidata.org/entity/Q114247413,Ambush in Rio de Janeiro,
http://www.wikidata.org/entity/Q114247462,Battle at Culver University,
http://www.wikidata.org/entity/Q114247494,Culver University,
http://www.wikidata.org/entity/Q114247554,Duel of Harlem,
http://www.wikidata.org/entity/Q114775011,Duel of Monaco,
http://www.wikidata.org/entity/Q114775031,Escape from the Batiment B3,
http://www.wikidata.org/entity/Q114775065,Batiment B3,
http://www.wikidata.org/entity/Q114775087,Duel at Tony Stark's Mansion,
http://www.wikidata.org/entity/Q114775109,Infiltration into Hammer Industries Headquarters,
http://www.wikidata.org/entity/Q114775129,Hammer Industries Headquarters,
http://www.wikidata.org/entity/Q114775169,Battle at Stark Expo,
http://www.wikidata.org/entity/Q114775196,Stark Expo,
http://www.wikidata.org/entity/Q114795569,Asgard-Jotunheim War,
http://www.wikidata.org/entity/Q114795595,Battle of Tønsberg,
http://www.wikidata.org/entity/Q114795609,Battle of Jotunheim,
http://www.wikidata.org/entity/Q114795631,Infiltration into Odin's Vault,
http://www.wikidata.org/entity/Q114795653,Odin's Vault,
http://www.wikidata.org/entity/Q114795703,Royal Palace of Valaskjalf,
http://www.wikidata.org/entity/Q114795810,Attack on Jotunheim,
http://www.wikidata.org/entity/Q114795825,Infiltration into the S.H.I.E.L.D. Crater Investigation Site,
http://www.wikidata.org/entity/Q114795842,S.H.I.E.L.D. Crater Investigation Site,
http://www.wikidata.org/entity/Q114795863,Battle of Puente Antiguo,
http://www.wikidata.org/entity/Q114795890,Duel at the Rainbow Bridge,
http://www.wikidata.org/entity/Q114860532,Destruction of Castle Rock Tower,
http://www.wikidata.org/entity/Q114860579,Assassination of Abraham Erskine,
http://www.wikidata.org/entity/Q114860587,Strategic Scientific Reserve Brooklyn Facility,
http://www.wikidata.org/entity/Q114860828,Liberation of Allied Prisoners of War,
http://www.wikidata.org/entity/Q114860880,Attack on HYDRA Facilities,
http://www.wikidata.org/entity/Q114860904,Capture of Arnim Zola,
http://www.wikidata.org/entity/Q114861024,Attack on HYDRA Headquarters,
http://www.wikidata.org/entity/Q114861030,Battle in the Valkyrie,
http://www.wikidata.org/entity/Q114872180,Chitauri Invasion,
http://www.wikidata.org/entity/Q114872275,Destruction of Project P.E.G.A.S.U.S.,
http://www.wikidata.org/entity/Q114872313,Skirmish in Germany,
http://www.wikidata.org/entity/Q114872362,Attack on the Helicarrier,
http://www.wikidata.org/entity/Q114872399,Battle of New York,
http://www.wikidata.org/entity/Q115331065,Aldrich Killian's War,
http://www.wikidata.org/entity/Q116296953,Hridgandr,
http://www.wikidata.org/entity/Q116297188,Brandrheid Undrsigr,
http://www.wikidata.org/entity/Q116297518,Space Stone,
http://www.wikidata.org/entity/Q116297615,Myths and Ledgends from Around the World,
http://www.wikidata.org/entity/Q116297828,Asgardian Ravens,
http://www.wikidata.org/entity/Q116298446,Frost Beasts,
http://www.wikidata.org/entity/Q116298548,Asgardian Horses,
http://www.wikidata.org/entity/Q116298865,Project P.E.G.A.S.U.S.,
http://www.wikidata.org/entity/Q116458473,Pier 13,
http://www.wikidata.org/entity/Q116458482,S.H.I.E.L.D. Headquarters,
http://www.wikidata.org/entity/Q116458536,Wheaton,
http://www.wikidata.org/entity/Q116458569,HYDRA Headquarters,
http://www.wikidata.org/entity/Q116458582,Camp Lehigh,
http://www.wikidata.org/entity/Q116458613,Austrian HYDRA Weapons Facility,
http://www.wikidata.org/entity/Q116458652,Strategic Scientific Reserve Headquarters,
http://www.wikidata.org/entity/Q116458685,Whip & Fiddle,
http://www.wikidata.org/entity/Q116458714,Battle of Azzano,
http://www.wikidata.org/entity/Q116459697,Captain America's Uniform,
http://www.wikidata.org/entity/Q116459803,Vita-Ray Chamber,
http://www.wikidata.org/entity/Q116459832,Vita Radiation,
http://www.wikidata.org/entity/Q116459867,Tesseract Battery,
http://www.wikidata.org/entity/Q116459911,Tesseract Cradle,
http://www.wikidata.org/entity/Q116459938,Arnim Zola's Camera and Monitor,
http://www.wikidata.org/entity/Q116459960,HYDRA Cannon,
http://www.wikidata.org/entity/Q116459979,Zolanator 2000X Assault Rifle,
http://www.wikidata.org/entity/Q116460015,Arnimhilation 99L Assault Weapon,
http://www.wikidata.org/entity/Q116460033,HYDRA Pistol,
http://www.wikidata.org/entity/Q116460048,HYDRA Flamethrower,
http://www.wikidata.org/entity/Q116460065,Synthetic Man,
http://www.wikidata.org/entity/Q116460082,Track Bomb,
http://www.wikidata.org/entity/Q116460089,Cyanide Pills,
http://www.wikidata.org/entity/Q116460101,Zip-Line Gun,
http://www.wikidata.org/entity/Q116460112,Steve Rogers' Compass,
http://www.wikidata.org/entity/Q116460141,Captain America's USO Show,
http://www.wikidata.org/entity/Q116460157,Captain America's Motorcycle,
http://www.wikidata.org/entity/Q116460171,Johann Schmidt's Coupe,
http://www.wikidata.org/entity/Q116460183,Schnellzug EB912,
http://www.wikidata.org/entity/Q116460270,HYDRA Mini Tank,
http://www.wikidata.org/entity/Q116460281,HYDRA Uber Tank,
http://www.wikidata.org/entity/Q116460292,HYDRA Armored Personnel Carrier,
http://www.wikidata.org/entity/Q116460298,Lindworm-5 Motorbike,
http://www.wikidata.org/entity/Q116460457,HYDRA Truck,
http://www.wikidata.org/entity/Q116460599,Fieser Dorsch,
http://www.wikidata.org/entity/Q116460786,Valkyrie,
http://www.wikidata.org/entity/Q116461322,HYDRA Parasit,
http://www.wikidata.org/entity/Q116461571,AccuTech,
http://www.wikidata.org/entity/Q116461762,Strategic Scientific Reserve,
http://www.wikidata.org/entity/Q116462067,Project Rebirth,
http://www.wikidata.org/entity/Q116462283,Lucky Star Cab Company,
http://www.wikidata.org/entity/Q116462294,The New York Examiner,
http://www.wikidata.org/entity/Q116462338,Manhattan Telegraph,
http://www.wikidata.org/entity/Q116476742,Sanctuary,
http://www.wikidata.org/entity/Q116476870,Solenski Plaza,
http://www.wikidata.org/entity/Q116476893,Shawarma Palace,
http://www.wikidata.org/entity/Q116477026,Loki's Hideout,
http://www.wikidata.org/entity/Q116477056,Schäfer Sicherheitsdienst Building,
http://www.wikidata.org/entity/Q116477184,Mind Stone,
http://www.wikidata.org/entity/Q116477330,Mark VII Iron Man Armor,
http://www.wikidata.org/entity/Q116477580,Hawkeye's Blades,
http://www.wikidata.org/entity/Q116477589,Black Widow's Bite,
http://www.wikidata.org/entity/Q116477698,Destroyer Armor Prototype Gun,
http://www.wikidata.org/entity/Q116477759,Colantotte Bracelets,
http://www.wikidata.org/entity/Q116477823,Chitauri Gun,
http://www.wikidata.org/entity/Q116477895,Chitauri Staff,
http://www.wikidata.org/entity/Q116477939,Chitauri Bomb,
http://www.wikidata.org/entity/Q116477978,Chitauri Helmet,
http://www.wikidata.org/entity/Q116478025,Chitauri Neural Link,
http://www.wikidata.org/entity/Q116478044,Chitauri Energy Core,
http://www.wikidata.org/entity/Q116478104,Captain America Card Collection,
http://www.wikidata.org/entity/Q116478141,Space Throne,
http://www.wikidata.org/entity/Q116478220,Helicarrier Detention Cell,
http://www.wikidata.org/entity/Q116478260,S.H.I.E.L.D. SUV,
http://www.wikidata.org/entity/Q116478319,S.H.I.E.L.D. Helicopter,
http://www.wikidata.org/entity/Q116478498,Chitauri Chariot,
http://www.wikidata.org/entity/Q116478572,Chitauri Command Center,
http://www.wikidata.org/entity/Q116478599,Acura 2012 Stark Industries Super Car,
http://www.wikidata.org/entity/Q116478695,Leviathans,
http://www.wikidata.org/entity/Q116478785,Phase 2,
http://www.wikidata.org/entity/Q116478803,STRIKE Team: Delta,
http://www.wikidata.org/entity/Q116478860,Schäfer Sicherheitsdienst,
http://www.wikidata.org/entity/Q116478896,6 New York,
http://www.wikidata.org/entity/Q116478939,5 Albany,
http://www.wikidata.org/entity/Q116478957,Action News,
http://www.wikidata.org/entity/Q116478978,News 2,
http://www.wikidata.org/entity/Q116478994,TKY,
http://www.wikidata.org/entity/Q116818123,2,
http://www.wikidata.org/entity/Q116818251,Talokan,
http://www.wikidata.org/entity/Q116818285,Los Angeles Mercy Hospital,
http://www.wikidata.org/entity/Q116818301,Rose Hill,
http://www.wikidata.org/entity/Q116818325,Walker's,
http://www.wikidata.org/entity/Q116818342,Keener Residence,
http://www.wikidata.org/entity/Q116818362,Hamilton County Memorial Hall,
http://www.wikidata.org/entity/Q116818380,Aldrich Killian's Mansion,
http://www.wikidata.org/entity/Q116818846,Mark VIII Iron Man Armor,
http://www.wikidata.org/entity/Q116818860,Mark IX Iron Man Armor,
http://www.wikidata.org/entity/Q116818876,Mark X Iron Man Armor,
http://www.wikidata.org/entity/Q116818939,Mark XI Iron Man Armor,
http://www.wikidata.org/entity/Q116819108,Mark XII Iron Man Armor,
http://www.wikidata.org/entity/Q116819115,Mark XIII Iron Man Armor,
http://www.wikidata.org/entity/Q116819124,Mark XIV Iron Man Armor,
http://www.wikidata.org/entity/Q122561912,Bywater Station House,
http://www.wikidata.org/entity/Q122585951,Café Beau-Ba,
http://www.wikidata.org/entity/Q122585972,Calderwood Auction House,
http://www.wikidata.org/entity/Q122586003,California Centipede Base,
http://www.wikidata.org/entity/Q122586028,Callisto Aerospace Control Center,
http://www.wikidata.org/entity/Q122586047,Calvin Zabo's Building,
http://www.wikidata.org/entity/Q122586076,Calvin Zabo's Clandestine Clinic,
http://www.wikidata.org/entity/Q122586132,Campervan Hideout,
http://www.wikidata.org/entity/Q122586155,Canelo's Auto and Body,
http://www.wikidata.org/entity/Q122586296,Carlo IV Hotel,
http://www.wikidata.org/entity/Q122586417,Carson Wolf's Residence,
http://www.wikidata.org/entity/Q122586640,Carter Residence,
http://www.wikidata.org/entity/Q122586770,Cassaro Gallery,
http://www.wikidata.org/entity/Q122586883,Castle de Krake,
http://www.wikidata.org/entity/Q122586969,Castle Residence,
http://www.wikidata.org/entity/Q122587073,Cave of the Dragon,
http://www.wikidata.org/entity/Q122587195,Celestium,
http://www.wikidata.org/entity/Q122587305,Central London Storage,
http://www.wikidata.org/entity/Q122587335,Central New York City Gymnasium,
http://www.wikidata.org/entity/Q122587371,Cerberus Squad Compound,
http://www.wikidata.org/entity/Q122587394,Chadwick Ranch,
http://www.wikidata.org/entity/Q122587417,Chadwick Residence,
http://www.wikidata.org/entity/Q122587435,Chan Ho Yin's House,
http://www.wikidata.org/entity/Q122587520,Charmont Jewelers,
http://www.wikidata.org/entity/Q122587537,Chatsworth High School,
http://www.wikidata.org/entity/Q122587672,Chen Residence,
http://www.wikidata.org/entity/Q122587833,Cheng Consulting Management Offices,
http://www.wikidata.org/entity/Q122594618,Chikara Dojo,
http://www.wikidata.org/entity/Q122594916,Chinatown Crew Headquarters,
http://www.wikidata.org/entity/Q122595131,Chinatown Crew Hideout,
http://www.wikidata.org/entity/Q122595399,Chris French Cleaners,
http://www.wikidata.org/entity/Q122595669,Christmas Castle,
http://www.wikidata.org/entity/Q122595857,Chronyca-2,
http://www.wikidata.org/entity/Q122596064,Church of All Saints Hospital,
http://www.wikidata.org/entity/Q122596317,Church of Gibborim Executive Office,
http://www.wikidata.org/entity/Q122596505,CIA Safe House,
http://www.wikidata.org/entity/Q122596735,CIA South Korean Black Site,
http://www.wikidata.org/entity/Q122596957,Cincinnati Memorial Hospital,
http://www.wikidata.org/entity/Q122597354,Circle Q,
http://www.wikidata.org/entity/Q122597650,Circo's Pastry Shop,
http://www.wikidata.org/entity/Q122597958,Citadel,
http://www.wikidata.org/entity/Q122598374,Citadel at the End of Time,
http://www.wikidata.org/entity/Q122598840,City of the Dead,
http://www.wikidata.org/entity/Q122599113,Claire Temple's Apartment,
http://www.wikidata.org/entity/Q122599140,Clemence Convent,
http://www.wikidata.org/entity/Q122599152,Clinica Sonando,
http://www.wikidata.org/entity/Q122599228,Clint Barton's Homestead,
http://www.wikidata.org/entity/Q122599287,Clinton Church,
http://www.wikidata.org/entity/Q122599322,Clive's Photo Studio,
http://www.wikidata.org/entity/Q122599381,Club Delight,
http://www.wikidata.org/entity/Q122599468,Cockroach's Casino Warehouse,
http://www.wikidata.org/entity/Q122599559,Cocoon,
http://www.wikidata.org/entity/Q122599686,Coffee A Go-Go,
http://www.wikidata.org/entity/Q122599738,Cole Miller's Apartment,
http://www.wikidata.org/entity/Q122599757,Coles Academic High School,
http://www.wikidata.org/entity/Q122599778,Colleen O'Brien's Apartment,
http://www.wikidata.org/entity/Q122599800,Colombian Police Station,
http://www.wikidata.org/entity/Q122599834,Colon's Gym,
http://www.wikidata.org/entity/Q122599908,Comic Book World,
http://www.wikidata.org/entity/Q122599966,Computational Services Inc. Headquarters,
http://www.wikidata.org/entity/Q122600253,Contraxia,
http://www.wikidata.org/entity/Q122600591,Coronet,
http://www.wikidata.org/entity/Q122600705,Cosmogenic Manufacturing Warehouse,
http://www.wikidata.org/entity/Q122600870,Cotton Club,
http://www.wikidata.org/entity/Q122601016,Cotton Residence,
http://www.wikidata.org/entity/Q122601113,Coulson Academy,
http://www.wikidata.org/entity/Q122601246,County Cold Storage Building,
http://www.wikidata.org/entity/Q122601576,Court Square Diner,
http://www.wikidata.org/entity/Q122601779,Crane Sisters' Tattoo Shop,
http://www.wikidata.org/entity/Q122602172,Cranky Pete's Deli,
http://www.wikidata.org/entity/Q122602385,Crater,
http://www.wikidata.org/entity/Q122602494,Crispus Attucks Complex,
http://www.wikidata.org/entity/Q122602524,Crown Regent Hotel,
http://www.wikidata.org/entity/Q122602546,Cube World,
http://www.wikidata.org/entity/Q122602568,Cuchifritos,
http://www.wikidata.org/entity/Q122602589,Culper Woods,
http://www.wikidata.org/entity/Q122602617,Curtis Hoyle's Apartment,
http://www.wikidata.org/entity/Q122602641,Custer's Grove,
http://www.wikidata.org/entity/Q122602670,Custer's Grove High School,
http://www.wikidata.org/entity/Q122602691,Customs Station CI-741,
http://www.wikidata.org/entity/Q122602738,CyberCoffee,
http://www.wikidata.org/entity/Q122602752,Cybertek Corporate Headquarters,
http://www.wikidata.org/entity/Q122602810,Cybertek Manufacturing Facility,
http://www.wikidata.org/entity/Q122617170,D'Rill,
http://www.wikidata.org/entity/Q122617201,Da Vinci Museum,
http://www.wikidata.org/entity/Q122617228,Daily Bugle Broadcasting Center,
http://www.wikidata.org/entity/Q122617265,Daisy Clover Milk Factory,
http://www.wikidata.org/entity/Q122617298,Damage Control Deep Storage Vault,
http://www.wikidata.org/entity/Q122617321,Damage Control Field Office,
http://www.wikidata.org/entity/Q122617368,Damballah Voodoo Tours & Shop,
http://www.wikidata.org/entity/Q122617392,Danny Rand's Penthouse,
http://www.wikidata.org/entity/Q122617425,Dario Marquez's Dress Shop,
http://www.wikidata.org/entity/Q122617450,Darius Davis' House,
http://www.wikidata.org/entity/Q122617484,Dark Gate,
http://www.wikidata.org/entity/Q122617506,Darkhold Castle,
http://www.wikidata.org/entity/Q122617533,Dave's Ranch,
http://www.wikidata.org/entity/Q122617572,David Schultz's Apartment,
http://www.wikidata.org/entity/Q122617600,Dean Mansion,
http://www.wikidata.org/entity/Q122617621,Declan Research Facility,
http://www.wikidata.org/entity/Q122617711,Declan Research Facility Lab,
http://www.wikidata.org/entity/Q116819138,Mark XV Iron Man Armor,
http://www.wikidata.org/entity/Q116819150,Mark XVI Iron Man Armor,
http://www.wikidata.org/entity/Q116819171,Mark XVII Iron Man Armor,
http://www.wikidata.org/entity/Q116819189,Mark XVIII Iron Man Armor,
http://www.wikidata.org/entity/Q116819220,Mark XIX Iron Man Armor,
http://www.wikidata.org/entity/Q116819247,Mark XX Iron Man Armor,
http://www.wikidata.org/entity/Q116819262,Mark XXI Iron Man Armor,
http://www.wikidata.org/entity/Q116819272,Mark XXII Iron Man Armor,
http://www.wikidata.org/entity/Q116819295,Mark XXIII Iron Man Armor,
http://www.wikidata.org/entity/Q116819308,Mark XXIV Iron Man Armor,
http://www.wikidata.org/entity/Q116819327,Mark XXV Iron Man Armor,
http://www.wikidata.org/entity/Q116819336,Mark XXVI Iron Man Armor,
http://www.wikidata.org/entity/Q116819353,Mark XXVII Iron Man Armor,
http://www.wikidata.org/entity/Q116819362,Mark XXVIII Iron Man Armor,
http://www.wikidata.org/entity/Q116819370,Mark XXIX Iron Man Armor,
http://www.wikidata.org/entity/Q116819376,Mark XXX Iron Man Armor,
http://www.wikidata.org/entity/Q116819390,Mark XXXI Iron Man Armor,
http://www.wikidata.org/entity/Q116819398,Mark XXXII Iron Man Armor,
http://www.wikidata.org/entity/Q116819410,Mark XXXIII Iron Man Armor,
http://www.wikidata.org/entity/Q116819420,Mark XXXIV Iron Man Armor,
http://www.wikidata.org/entity/Q116819435,Mark XXXV Iron Man Armor,
http://www.wikidata.org/entity/Q116819445,Mark XXXVI Iron Man Armor,
http://www.wikidata.org/entity/Q116819454,Mark XXXVII Iron Man Armor,
http://www.wikidata.org/entity/Q116819476,Mark XXXVIII Iron Man Armor,
http://www.wikidata.org/entity/Q116819512,Mark XXXIX Iron Man Armor,
http://www.wikidata.org/entity/Q116819776,Mark XL Iron Man Armor,
http://www.wikidata.org/entity/Q116819860,Mark XLI Iron Man Armor,
http://www.wikidata.org/entity/Q116819870,Mark XLII Iron Man Armor,
http://www.wikidata.org/entity/Q116835335,Iron Man Mark XLII Telepresence Headset,
http://www.wikidata.org/entity/Q116835442,Mark II War Machine Armor,
http://www.wikidata.org/entity/Q116835573,Extremis,
http://www.wikidata.org/entity/Q116835766,House Party Protocol,
http://www.wikidata.org/entity/Q116835905,Clean Slate Protocol,
http://www.wikidata.org/entity/Q116836065,Tony Stark's Handmade Weapons,
http://www.wikidata.org/entity/Q116836183,Camera Taser,
http://www.wikidata.org/entity/Q116836362,Ornament Bomb,
http://www.wikidata.org/entity/Q116836535,Bottle Bomb,
http://www.wikidata.org/entity/Q116836677,Taser Glove,
http://www.wikidata.org/entity/Q116836925,Mark I Potato Gun,
http://www.wikidata.org/entity/Q116837039,Mark II Potato Gun,
http://www.wikidata.org/entity/Q116837159,Norco,
http://www.wikidata.org/entity/Q116837303,Extremis Soldiers,
http://www.wikidata.org/entity/Q116837761,Rose Hill Police Department,
http://www.wikidata.org/entity/Q116837942,WZPZ,
http://www.wikidata.org/entity/Q116837946,KRXJ Los Angeles,
http://www.wikidata.org/entity/Q116837950,WYAX,
http://www.wikidata.org/entity/Q116837954,Rose Hill Weekly,
http://www.wikidata.org/entity/Q116837962,The Washington Inquirer,
http://www.wikidata.org/entity/Q116837974,Channel 21 News,
http://www.wikidata.org/entity/Q116837980,Channel 65 News,
http://www.wikidata.org/entity/Q116850410,Medina,
http://www.wikidata.org/entity/Q116850467,Asgardian Dungeons,
http://www.wikidata.org/entity/Q116850578,Jane Foster's Apartment,
http://www.wikidata.org/entity/Q116850689,Exitar,
http://www.wikidata.org/entity/Q116850804,Collector's Museum,
http://www.wikidata.org/entity/Q116850940,First Dark Elf Conflict,
http://www.wikidata.org/entity/Q116850977,First Battle of Svartalfheim,
http://www.wikidata.org/entity/Q116851083,Reality Stone,
http://www.wikidata.org/entity/Q116851162,Einherjar Shield,
http://www.wikidata.org/entity/Q116851183,Dark Elf Particle Rifle,
http://www.wikidata.org/entity/Q116851266,Kurse Stone,
http://www.wikidata.org/entity/Q116851285,Black Hole Grenade,
http://www.wikidata.org/entity/Q116851408,Dark Matter Dagger,
http://www.wikidata.org/entity/Q116851433,Asgardian Cannon,
http://www.wikidata.org/entity/Q116851551,Asgardian Shield,
http://www.wikidata.org/entity/Q116851655,Book of Yggdrasil,
http://www.wikidata.org/entity/Q116851701,Birth Pods,
http://www.wikidata.org/entity/Q116851895,Soul Forge,
http://www.wikidata.org/entity/Q116851937,Phase Meter,
http://www.wikidata.org/entity/Q116852010,Gravimetric Spike,
http://www.wikidata.org/entity/Q116852092,Magnetic-Propulsion Ball,
http://www.wikidata.org/entity/Q116852173,Asgardian Skiff,
http://www.wikidata.org/entity/Q116852263,Ark,
http://www.wikidata.org/entity/Q116852442,Dark Elf Harrow,
http://www.wikidata.org/entity/Q116852641,Kronan Marauder,
http://www.wikidata.org/entity/Q116852825,Sakaarans,
http://www.wikidata.org/entity/Q116852994,Easik,
http://www.wikidata.org/entity/Q116853033,Yrds,
http://www.wikidata.org/entity/Q116853228,R'malk'i,
http://www.wikidata.org/entity/Q116853379,Hurctarians,
http://www.wikidata.org/entity/Q116853473,Xeronians,
http://www.wikidata.org/entity/Q116853498,Giant Butterfly,
http://www.wikidata.org/entity/Q116854252,Strategic Operations Command Center,
http://www.wikidata.org/entity/Q116856242,HYDRA Heavy Assault Rifle,
http://www.wikidata.org/entity/Q116856256,Johann Schmidt's Prosthetic Mask,
http://www.wikidata.org/entity/Q116856277,Asgardian Collar,
http://www.wikidata.org/entity/Q116856289,Thanos' Armor,
http://www.wikidata.org/entity/Q116856568,World Security Council,
http://www.wikidata.org/entity/Q117036032,Rogers: The Musical,
http://www.wikidata.org/entity/Q118344903,Zephyr One,
http://www.wikidata.org/entity/Q120907144,Damage Control Supermax Prison,
http://www.wikidata.org/entity/Q121381059,Battle of Sokovia,
http://www.wikidata.org/entity/Q121996995,Marvel character,
http://www.wikidata.org/entity/Q122389588,1337 Connect,
http://www.wikidata.org/entity/Q122389608,15th Precinct Police Station,
http://www.wikidata.org/entity/Q122418265,29th Precinct Police Station,
http://www.wikidata.org/entity/Q122443368,A.B.C. Chinese Restaurant,
http://www.wikidata.org/entity/Q122443783,A.S. Memorial Medical Center,
http://www.wikidata.org/entity/Q122443824,Aakon,
http://www.wikidata.org/entity/Q122443888,Aaron's Market,
http://www.wikidata.org/entity/Q122444030,Abandoned Building,
http://www.wikidata.org/entity/Q122444270,Abandoned Warehouse,
http://www.wikidata.org/entity/Q122444464,Abe Lebewhol Park,
http://www.wikidata.org/entity/Q122444810,Actiniaria Dimension,
http://www.wikidata.org/entity/Q122445037,Adrian Toomes' Headquarters,
http://www.wikidata.org/entity/Q122445274,Afterlife,
http://www.wikidata.org/entity/Q122445399,Ajak's Homestead,
http://www.wikidata.org/entity/Q122445538,Al and Cam's Arcade,
http://www.wikidata.org/entity/Q122445717,Aladna,
http://www.wikidata.org/entity/Q122445929,Alexander Pierce High School,
http://www.wikidata.org/entity/Q122445947,Alexander Pierce's Residence,
http://www.wikidata.org/entity/Q122445979,Alias Investigations Office,
http://www.wikidata.org/entity/Q122446009,Alt New York,
http://www.wikidata.org/entity/Q122446022,Amanzi Kwakhona Umlambo,
http://www.wikidata.org/entity/Q122446067,Ana's House,
http://www.wikidata.org/entity/Q122446080,Ancient Village,
http://www.wikidata.org/entity/Q122446094,Andrew Brandt's Apartment,
http://www.wikidata.org/entity/Q122446120,Aneka's Residence,
http://www.wikidata.org/entity/Q122446140,Antoine Grier's Apartment,
http://www.wikidata.org/entity/Q122446158,Anton Mogart's Estate,
http://www.wikidata.org/entity/Q122446178,Anvil Headquarters,
http://www.wikidata.org/entity/Q122446267,Anvil Studios,
http://www.wikidata.org/entity/Q122446289,Anvil Training Facility,
http://www.wikidata.org/entity/Q122446305,Anwar Grocery,
http://www.wikidata.org/entity/Q122446467,Anzhou,
http://www.wikidata.org/entity/Q122446502,Apartment 412,
http://www.wikidata.org/entity/Q122446516,Apartment 6F,
http://www.wikidata.org/entity/Q122446534,Arago-7,
http://www.wikidata.org/entity/Q122446556,Arbus Storage,
http://www.wikidata.org/entity/Q122446567,Arctic HYDRA Research Facility,
http://www.wikidata.org/entity/Q122446585,Arena Club,
http://www.wikidata.org/entity/Q122446617,Arthur Walsh's Residence,
http://www.wikidata.org/entity/Q122446728,Arête Laboratories,
http://www.wikidata.org/entity/Q122446954,Asgardian Catacombs,
http://www.wikidata.org/entity/Q122447284,Asgardian Theater,
http://www.wikidata.org/entity/Q122447921,ATCU Storage Facility,
http://www.wikidata.org/entity/Q122448329,ATF Field Office,
http://www.wikidata.org/entity/Q122448832,Atlas Academy,
http://www.wikidata.org/entity/Q122449186,Attilan Mines,
http://www.wikidata.org/entity/Q122449359,Audrey Eastman's Secret Warehouse,
http://www.wikidata.org/entity/Q122449554,Auerbach Theatrical Agency,
http://www.wikidata.org/entity/Q122449889,Avengers Compound,
http://www.wikidata.org/entity/Q122450339,Axia,
http://www.wikidata.org/entity/Q122538749,Bailey's Auction House,
http://www.wikidata.org/entity/Q122538792,Baltimore Police Station,
http://www.wikidata.org/entity/Q122538968,Barbershop Headquarters,
http://www.wikidata.org/entity/Q122539367,Barnes Residence,
http://www.wikidata.org/entity/Q122539662,Bart's Apartment,
http://www.wikidata.org/entity/Q122539900,Bashenga's Courtyard,
http://www.wikidata.org/entity/Q122540160,Batesville,
http://www.wikidata.org/entity/Q122541010,Battle of New York Memorial,
http://www.wikidata.org/entity/Q122545985,Bay Ridge Rail Yard,
http://www.wikidata.org/entity/Q122546363,Bayard Community Center,
http://www.wikidata.org/entity/Q122546604,Bayou Brothers Truck Stop,
http://www.wikidata.org/entity/Q122547067,Ben Urich's Apartment,
http://www.wikidata.org/entity/Q122547467,Benjamin Poindexter's Apartment,
http://www.wikidata.org/entity/Q122547522,Berhert,
http://www.wikidata.org/entity/Q122547875,Berlin Correctional Facility,
http://www.wikidata.org/entity/Q122548157,Bess Mahoney's Apartment,
http://www.wikidata.org/entity/Q122548393,Beth Quinn's Apartment,
http://www.wikidata.org/entity/Q122548897,Birch Psychiatric Hospital,
http://www.wikidata.org/entity/Q122549162,Birthing Chamber,
http://www.wikidata.org/entity/Q122549392,Bishop Family Cemetery,
http://www.wikidata.org/entity/Q122549671,Bishop Residence,
http://www.wikidata.org/entity/Q122549915,Bishop Security Headquarters,
http://www.wikidata.org/entity/Q122550173,Black Box,
http://www.wikidata.org/entity/Q122550353,Black Raven Tavern,
http://www.wikidata.org/entity/Q122550568,Blake Tower's Office,
http://www.wikidata.org/entity/Q122550804,Blaskowski Residence,
http://www.wikidata.org/entity/Q122551062,Bloodstone Manor,
http://www.wikidata.org/entity/Q122551258,Bloom Estate Winery,
http://www.wikidata.org/entity/Q122553593,Blue Raven Ridge,
http://www.wikidata.org/entity/Q122553922,BLVD Bistro,
http://www.wikidata.org/entity/Q122554222,Bob's Market,
http://www.wikidata.org/entity/Q122554541,Bombay Spice,
http://www.wikidata.org/entity/Q122554823,Boot of Jemiah,
http://www.wikidata.org/entity/Q122555186,Border Village,
http://www.wikidata.org/entity/Q122555483,Bowen Residence,
http://www.wikidata.org/entity/Q122555777,Bradley Residence,
http://www.wikidata.org/entity/Q122556051,Brass Monkey Saloon,
http://www.wikidata.org/entity/Q122556185,Brasserie,
http://www.wikidata.org/entity/Q122556482,Bridge Donuts,
http://www.wikidata.org/entity/Q122556693,Brigid O'Reilly's Apartment,
http://www.wikidata.org/entity/Q122557129,Broadway Restaurant,
http://www.wikidata.org/entity/Q122557434,Broker's Shop,
http://www.wikidata.org/entity/Q122557645,Bronwyn University,
http://www.wikidata.org/entity/Q122557843,Brookemont Elementary School,
http://www.wikidata.org/entity/Q122558050,Brooklyn Karate Academy,
http://www.wikidata.org/entity/Q122558414,Bruce Banner's House,
http://www.wikidata.org/entity/Q122558644,Bruce Banner's Island,
http://www.wikidata.org/entity/Q122558878,Bruce's Bar,
http://www.wikidata.org/entity/Q122559107,Bruno Carrelli's Apartment,
http://www.wikidata.org/entity/Q122559380,Brynmore Psychiatric Facility,
http://www.wikidata.org/entity/Q122559647,Buccaneer Bay,
http://www.wikidata.org/entity/Q122560048,Buck's,
http://www.wikidata.org/entity/Q122560300,Bucky Barnes' Apartment,
http://www.wikidata.org/entity/Q122560502,Bud Schultz's House,
http://www.wikidata.org/entity/Q122560911,Buildwell Wood Shop,
http://www.wikidata.org/entity/Q122561282,Burkov Mining Facility,
http://www.wikidata.org/entity/Q122561581,Burren Club,
http://www.wikidata.org/entity/Q122643402,Good Rest Motel,
http://www.wikidata.org/entity/Q122643416,Goodman University,
http://www.wikidata.org/entity/Q122643445,Gordon Hotel,
http://www.wikidata.org/entity/Q122643464,Gorilla City,
http://www.wikidata.org/entity/Q122643488,Gothic Renaissance,
http://www.wikidata.org/entity/Q122643507,Government Storage Warehouse,
http://www.wikidata.org/entity/Q122643537,Gower Car Wash,
http://www.wikidata.org/entity/Q122643566,Grace's House,
http://www.wikidata.org/entity/Q122643583,Graciela Aguirre's Residence,
http://www.wikidata.org/entity/Q122643603,Grand Arena,
http://www.wikidata.org/entity/Q122643632,Grand Cayman Royal Bank,
http://www.wikidata.org/entity/Q122643675,Grandmaster Palace,
http://www.wikidata.org/entity/Q122643715,Graniteville Diner,
http://www.wikidata.org/entity/Q122643732,Grant Ward's HYDRA Warehouse,
http://www.wikidata.org/entity/Q122643747,Grass Jelly Dimension,
http://www.wikidata.org/entity/Q122648445,GRC New York Headquarters,
http://www.wikidata.org/entity/Q122648463,Great Mound,
http://www.wikidata.org/entity/Q122648494,Green-Wood Cemetery,
http://www.wikidata.org/entity/Q122648509,Greenleaf Veterinary,
http://www.wikidata.org/entity/Q122648530,Greenwich University,
http://www.wikidata.org/entity/Q122648547,"Greg Pressfield, ESQ. Law Office",
http://www.wikidata.org/entity/Q122648565,Gregory Sallinger's Apartment,
http://www.wikidata.org/entity/Q122648596,Grills' Apartment,
http://www.wikidata.org/entity/Q122648622,GrubMates,
http://www.wikidata.org/entity/Q122648635,Grundar,
http://www.wikidata.org/entity/Q122648653,GT Agrochemical Facility,
http://www.wikidata.org/entity/Q122648693,GT Agrochemical Office,
http://www.wikidata.org/entity/Q122648746,Guest House,
http://www.wikidata.org/entity/Q122648825,Gunner Henderson's Homestead,
http://www.wikidata.org/entity/Q122649358,Gwen's,
http://www.wikidata.org/entity/Q122652355,Hala,
http://www.wikidata.org/entity/Q122652428,Halfway House Cafe,
http://www.wikidata.org/entity/Q122652538,Hand Compound,
http://www.wikidata.org/entity/Q122652580,Hand's Anzhou Laboratory,
http://www.wikidata.org/entity/Q122652633,Hand's Brooklyn Warehouse,
http://www.wikidata.org/entity/Q122652681,Hannah Hutchins' House,
http://www.wikidata.org/entity/Q122652737,Happy Cleaners,
http://www.wikidata.org/entity/Q122652959,Happy Haus,
http://www.wikidata.org/entity/Q122653001,Happy Hogan's Condominium,
http://www.wikidata.org/entity/Q122653053,Harbor Arms,
http://www.wikidata.org/entity/Q122653112,Harlem Jets Practice Field,
http://www.wikidata.org/entity/Q122653164,Harlem Women's Clinic,
http://www.wikidata.org/entity/Q122653221,Harlem's Paradise,
http://www.wikidata.org/entity/Q122653289,Harold Meachum's Penthouse,
http://www.wikidata.org/entity/Q122653520,Hasan's House,
http://www.wikidata.org/entity/Q122653853,Hattley Residence,
http://www.wikidata.org/entity/Q122654153,Hauser's Bakery,
http://www.wikidata.org/entity/Q122654430,Haven Hills,
http://www.wikidata.org/entity/Q122654483,Havenworth Federal Penitentiary,
http://www.wikidata.org/entity/Q122654560,Hell's Harbor,
http://www.wikidata.org/entity/Q122654766,Helmut Zemo's Garage,
http://www.wikidata.org/entity/Q122654858,Helmut Zemo's Latvian Residence,
http://www.wikidata.org/entity/Q122654921,Henson Residence,
http://www.wikidata.org/entity/Q122654967,Herman's Hearty Slice,
http://www.wikidata.org/entity/Q122655021,Hess Residence,
http://www.wikidata.org/entity/Q122680258,Red Dagger,male
http://www.wikidata.org/entity/Q123399026,Dro'ge,
http://www.wikidata.org/entity/Q123507539,America Chavez,female
http://www.wikidata.org/entity/Q125179103,Reed Richards,male
http://www.wikidata.org/entity/Q126066680,Echo,female
http://www.wikidata.org/entity/Q129084731,Blake Tower,male
http://www.wikidata.org/entity/Q129084796,Bullseye,male
http://www.wikidata.org/entity/Q129086434,Stick,male
http://www.wikidata.org/entity/Q129144133,Elektra,female
http://www.wikidata.org/entity/Q129144472,Ben Urich,male
http://www.wikidata.org/entity/Q129151322,Owl,male
http://www.wikidata.org/entity/Q129165717,Mary Walker,female
http://www.wikidata.org/entity/Q129167228,Melvin Potter,male
http://www.wikidata.org/entity/Q129167244,Buck Cashman,male
http://www.wikidata.org/entity/Q129167260,Foggy Nelson,male
http://www.wikidata.org/entity/Q129167274,Karen Page,female
http://www.wikidata.org/entity/Q129167317,Heather Glenn,female
http://www.wikidata.org/entity/Q129167340,BB Urich,female
http://www.wikidata.org/entity/Q129167347,Vanessa Fisk,female
http://www.wikidata.org/entity/Q129168851,Yusuf Khan,male
http://www.wikidata.org/entity/Q129175900,James Wesley,male
http://www.wikidata.org/entity/Q129175907,Maggie Grace,female
http://www.wikidata.org/entity/Q129175910,Ray Nadeem,male
http://www.wikidata.org/entity/Q129514009,Arishem the Judge,male
http://www.wikidata.org/entity/Q131448287,Agatha Harkness,female
http://www.wikidata.org/entity/Q133697747,Sue Storm,female
http://www.wikidata.org/entity/Q133697756,Johnny Storm,male
http://www.wikidata.org/entity/Q133697772,Ben Grimm,male
http://www.wikidata.org/entity/Q133806334,Joaquín Torres,male
http://www.wikidata.org/entity/Q133857993,Galactus,male
http://www.wikidata.org/entity/Q133858017,Silver Surfer,female
http://www.wikidata.org/entity/Q135185215,Death,female
http://www.wikidata.org/entity/Q136236068,rune king thor,
http://www.wikidata.org/entity/Q137425443,Simon Williams,
http://www.wikidata.org/entity/Q138819961,Kirsten McDuffie,female
http://www.wikidata.org/entity/Q139559722,Hulkbuster armor,
http://www.wikidata.org/entity/Q139846964,Jennifer Kale,female
http://www.wikidata.org/entity/Q139847093,Wiccan,male
http://www.wikidata.org/entity/Q139850347,Lilia Calderu,female
http://www.wikidata.org/entity/Q139850358,Vertigo,female
http://www.wikidata.org/entity/Q122617735,Decommissioned CDC Facility,
http://www.wikidata.org/entity/Q122617755,Defense Logistics Building,
http://www.wikidata.org/entity/Q122617774,Deke Shaw's Company's Office,
http://www.wikidata.org/entity/Q122617799,Delaney Hall,
http://www.wikidata.org/entity/Q122617835,Delmar's Deli-Grocery,
http://www.wikidata.org/entity/Q122617920,Denton Residence,
http://www.wikidata.org/entity/Q122617946,Devil's Anus,
http://www.wikidata.org/entity/Q122617956,Diamond Head Crater,
http://www.wikidata.org/entity/Q122618128,Diamondback's Warehouse Hideout,
http://www.wikidata.org/entity/Q122618160,Dinah Madani's Apartment,
http://www.wikidata.org/entity/Q122618188,Disciples of Ammit's London Base,
http://www.wikidata.org/entity/Q122618210,Distant Star Facility,
http://www.wikidata.org/entity/Q122618229,District 27 West Side Station,
http://www.wikidata.org/entity/Q122618253,Dogs of Hell's Club,
http://www.wikidata.org/entity/Q122618281,Dolores Miller's Apartment,
http://www.wikidata.org/entity/Q122618303,Donatello's,
http://www.wikidata.org/entity/Q122618365,Dontrell Hamilton's Apartment,
http://www.wikidata.org/entity/Q122618404,Dorothy Walker's Apartment,
http://www.wikidata.org/entity/Q122618425,Dreykov's Budapest Office,
http://www.wikidata.org/entity/Q122618440,Drez-Lar,
http://www.wikidata.org/entity/Q122618461,Drone Command Center,
http://www.wikidata.org/entity/Q122618473,Druig's Compound,
http://www.wikidata.org/entity/Q122618496,Duke's Pool Hall,
http://www.wikidata.org/entity/Q122618536,Duncan + Dotter Design Office,
http://www.wikidata.org/entity/Q122618570,Duquesne Brownstone,
http://www.wikidata.org/entity/Q122619146,E-Z Slow Salvage Tow Yard,
http://www.wikidata.org/entity/Q122619365,Easik,
http://www.wikidata.org/entity/Q122619774,East Brook Building,
http://www.wikidata.org/entity/Q122619800,Easterling Farms,
http://www.wikidata.org/entity/Q122619854,Eastern Regional Detention Center,
http://www.wikidata.org/entity/Q122619876,Eastman Residence,
http://www.wikidata.org/entity/Q122619905,Ecorse Hope Hospital,
http://www.wikidata.org/entity/Q122619937,Eddie's Memorabilia,
http://www.wikidata.org/entity/Q122620096,Eden Towers,
http://www.wikidata.org/entity/Q122620335,Edgecombe Funeral House,
http://www.wikidata.org/entity/Q122620721,Ego,
http://www.wikidata.org/entity/Q122621143,Ego,
http://www.wikidata.org/entity/Q122621621,El Monte Junk and Salvage,
http://www.wikidata.org/entity/Q122621921,Elektra Natchios' Penthouse,
http://www.wikidata.org/entity/Q122622156,Elena Cardenas' Apartment,
http://www.wikidata.org/entity/Q122622336,Ellison Residence,
http://www.wikidata.org/entity/Q122622628,Endotex Labs,
http://www.wikidata.org/entity/Q122622842,Enoch's House,
http://www.wikidata.org/entity/Q122623135,Eric's Growhouse,
http://www.wikidata.org/entity/Q122623855,Erik Gelden's Apartment,
http://www.wikidata.org/entity/Q122624138,Essex Tower Hotel,
http://www.wikidata.org/entity/Q122624319,Esther Falb's Residence,
http://www.wikidata.org/entity/Q122624341,Eternity's Realm,
http://www.wikidata.org/entity/Q122624361,Everett Ross' House,
http://www.wikidata.org/entity/Q122624408,Evolutionary Chamber,
http://www.wikidata.org/entity/Q122624675,F.E.A.S.T. Community Center,
http://www.wikidata.org/entity/Q122624691,Fagan Corners,
http://www.wikidata.org/entity/Q122624715,Farm,
http://www.wikidata.org/entity/Q122624798,Farmers & Merchants Bank,
http://www.wikidata.org/entity/Q122624823,Fat Man Auto Repair,
http://www.wikidata.org/entity/Q122624862,Fault,
http://www.wikidata.org/entity/Q122624891,Feldman Electronics,
http://www.wikidata.org/entity/Q122624926,Finley's,
http://www.wikidata.org/entity/Q122624946,Fisk Residence,
http://www.wikidata.org/entity/Q122624968,Flag Smashers Hideout,
http://www.wikidata.org/entity/Q122624986,Flowering Incense Dimension,
http://www.wikidata.org/entity/Q122624996,Flying Rocket Diner,
http://www.wikidata.org/entity/Q122625003,Fogwell's Gym,
http://www.wikidata.org/entity/Q122625030,Fort Bryon,
http://www.wikidata.org/entity/Q122625056,Fragment 616,
http://www.wikidata.org/entity/Q122625068,Frank Castle's Apartment,
http://www.wikidata.org/entity/Q122625086,Frank Choi's Furniture,
http://www.wikidata.org/entity/Q122625106,Frankie's Famous 24-Hour Pawnshop,
http://www.wikidata.org/entity/Q122625179,Franklin D. Roosevelt High School,
http://www.wikidata.org/entity/Q122625349,Franklin Deli Market,
http://www.wikidata.org/entity/Q122625529,Fred 62,
http://www.wikidata.org/entity/Q122625738,Freyer National Park,
http://www.wikidata.org/entity/Q122625751,Fridge,
http://www.wikidata.org/entity/Q122625766,Frolic Room Bar,
http://www.wikidata.org/entity/Q122625775,Fun Arcade Games,
http://www.wikidata.org/entity/Q122642624,Gabriel Soto's Mansion,
http://www.wikidata.org/entity/Q122642655,Galactic Frontier,
http://www.wikidata.org/entity/Q122642680,Gangalor,
http://www.wikidata.org/entity/Q122642715,Gap Junction,
http://www.wikidata.org/entity/Q122642735,Planet 0259-S,
http://www.wikidata.org/entity/Q122642764,Gasel Bank,
http://www.wikidata.org/entity/Q122642792,Gates of Eternity,
http://www.wikidata.org/entity/Q122642814,Gates of Osiris,
http://www.wikidata.org/entity/Q122642843,Genghis Connie's,
http://www.wikidata.org/entity/Q122642879,Genghis Connie's Too,
http://www.wikidata.org/entity/Q122642942,Geosciences Research Center,
http://www.wikidata.org/entity/Q122642963,Ghost's Hideout,
http://www.wikidata.org/entity/Q122642983,Gibborim,
http://www.wikidata.org/entity/Q122643003,Gideon Malick's Penthouse,
http://www.wikidata.org/entity/Q122643041,Gilgamesh's House,
http://www.wikidata.org/entity/Q122643059,Ginny's Supper Club,
http://www.wikidata.org/entity/Q122643156,Glitter Gutter Club,
http://www.wikidata.org/entity/Q122643178,GLK&H Los Angeles Office,
http://www.wikidata.org/entity/Q122643205,Godthab Omega,
http://www.wikidata.org/entity/Q122643237,Goldbrix Tavern,
http://www.wikidata.org/entity/Q122643265,Golden City,
http://www.wikidata.org/entity/Q122643306,Golden Daggers Club,
http://www.wikidata.org/entity/Q122643330,Golden Sands,
http://www.wikidata.org/entity/Q122643352,Golden Tigers' Hideout,
http://www.wikidata.org/entity/Q122643371,Golden Tigers' Nightclub,
http://www.wikidata.org/entity/Q24050097,Nebula,female
http://www.wikidata.org/entity/Q24050108,Mantis,female
