name,wiki,file
Thor,Thor,thor.webp
Thanos,Thanos,thanos.webp
Tony Stark,Iron Man,tony-stark.webp
Natasha Romanoff,Natasha Romanoff,natasha-romanoff.webp
Stephen Strange,Doctor Strange,stephen-strange.webp
Loki,Loki,loki.webp
Nick Fury,Nick Fury,nick-fury.webp
Wanda Maximoff,Scarlet Witch,wanda-maximoff.webp
Peter Quill,Star-Lord,peter-quill.webp
Odin,Odin,odin.webp
Bruce Banner,Hulk,bruce-banner.webp
Peter Parker,Spider-Man,peter-parker.webp
Clint Barton,Hawkeye,clint-barton.webp
Bucky Barnes,Winter Soldier,bucky-barnes.webp
T'Challa,T'Challa,t-challa.webp
Vision,Vision,vision.webp
Carol Danvers,Captain Marvel,carol-danvers.webp
Scott Lang,Ant-Man,scott-lang.webp
Hela,Hela,hela.webp
Gamora,Gamora,gamora.webp
James Rhodes,War Machine,james-rhodes.webp
Nebula,Nebula,nebula.webp
Johann Schmidt,Red Skull,johann-schmidt.webp
Hank Pym,Hank Pym,hank-pym.webp
Pepper Potts,Pepper Potts,pepper-potts.webp
Peggy Carter,Peggy Carter,peggy-carter.webp
Rocket,Rocket Raccoon,rocket.webp
Groot,Groot,groot.webp
Valkyrie,Valkyrie,valkyrie.webp
Phil Coulson,Phil Coulson,phil-coulson.webp
Heimdall,Heimdall,heimdall.webp
Hope van Dyne,Wasp,hope-van-dyne.webp
Monica Rambeau,Monica Rambeau,monica-rambeau.webp
Ultron,Ultron,ultron.webp
Shuri,Black Panther,shuri.webp
Yelena Belova,Black Widow,yelena-belova.webp
Wong,Wong,wong.webp
The Ancient One,Ancient One,the-ancient-one.webp
Drax,Drax the Destroyer,drax.webp
Erik Killmonger,Erik Killmonger,erik-killmonger.webp
Ego,Ego,ego.webp
Mantis,Mantis,mantis.webp
Shang-Chi,Shang-Chi,shang-chi.webp
Kamala Khan,Ms. Marvel,kamala-khan.webp
Pietro Maximoff,Quicksilver,pietro-maximoff.webp
Yondu Udonta,Yondu,yondu-udonta.webp
Okoye,Okoye,okoye.webp
Dormammu,Dormammu,dormammu.webp
Kate Bishop,Kate Bishop,kate-bishop.webp
Korg,Korg,korg.webp
Agents of S.H.I.E.L.D.,Agents of S.H.I.E.L.D.,agents-of-s-h-i-e-l-d.webp
Iron Man 3,Iron Man 3,iron-man-3.webp
Avengers: Endgame,Avengers: Endgame,avengers-endgame.webp
The Avengers,The Avengers,the-avengers.webp
Captain America: The First Avenger,Captain America: The First Avenger,captain-america-the-first-avenger.webp
Iron Man 2,Iron Man 2,iron-man-2.webp
Thor: The Dark World,Thor: The Dark World,thor-the-dark-world.webp
What If...?,What If...?,what-if.webp
Avengers: Age of Ultron,Avengers: Age of Ultron,avengers-age-of-ultron.webp
Avengers: Infinity War,Avengers: Infinity War,avengers-infinity-war.webp
Iron Man,Iron Man,iron-man.webp
Spider-Man: Homecoming,Spider-Man: Homecoming,spider-man-homecoming.webp
Captain America: Civil War,Captain America: Civil War,captain-america-civil-war.webp
Daredevil,Daredevil,daredevil.webp
Guardians of the Galaxy,Guardians of the Galaxy,guardians-of-the-galaxy.webp
Guardians of the Galaxy Vol. 2,Guardians of the Galaxy Vol. 2,guardians-of-the-galaxy-vol-2.webp
The Incredible Hulk,The Incredible Hulk,the-incredible-hulk.webp
Thor: Ragnarok,Thor: Ragnarok,thor-ragnarok.webp
Captain America: The Winter Soldier,Captain America: The Winter Soldier,captain-america-the-winter-soldier.webp
Spider-Man: Far From Home,Spider-Man: Far From Home,spider-man-far-from-home.webp
Captain Marvel,Captain Marvel,captain-marvel.webp
Jessica Jones,Jessica Jones,jessica-jones.webp
Earth,Earth,earth.webp
Human,Humans,human.webp
Hawkeye,Hawkeye,hawkeye.webp
Ant-Man,Ant-Man,ant-man.webp
Asgardian,Asgardians,asgardian.webp
Black Panther,Black Panther,black-panther.webp
The Punisher,The Punisher,the-punisher.webp
Ant-Man and the Wasp,Ant-Man and the Wasp,ant-man-and-the-wasp.webp
Luke Cage,Luke Cage,luke-cage.webp
Doctor Strange,Doctor Strange,doctor-strange.webp
Ms. Marvel,Ms. Marvel,ms-marvel.webp
She-Hulk: Attorney at Law,She-Hulk: Attorney at Law,she-hulk-attorney-at-law.webp
Iron Fist,Iron Fist,iron-fist.webp
Watcher Informant,Watcher Informant,watcher-informant.webp
Avengers,Avengers,avengers.webp
Runaways,Runaways,runaways.webp
Spider-Man: No Way Home,Spider-Man: No Way Home,spider-man-no-way-home.webp
WHiH World News,WHiH World News,whih-world-news.webp
Space Stone,Space Stone,space-stone.webp
WandaVision,WandaVision,wandavision.webp
Asgardian Armor,Asgardian Armor,asgardian-armor.webp
Doctor Strange in the Multiverse of Madness,Doctor Strange in the Multiverse of Madness,doctor-strange-in-the-multiverse-of-madness.webp
Mind Stone,Mind Stone,mind-stone.webp
Eternals,Eternals,eternals.webp
What If... Captain Carter Were The First Avenger?,What If... Captain Carter Were The First Avenger?,what-if-captain-carter-were-the-first-avenger.webp
Reality Stone,Reality Stone,reality-stone.webp
S.H.I.E.L.D.,S.H.I.E.L.D.,s-h-i-e-l-d.webp
The Defenders,The Defenders,the-defenders.webp
Infinity Stones,Infinity Stones,infinity-stones.webp
Howard Stark,Howard Stark,howard-stark.webp
Black Panther: Wakanda Forever,Black Panther: Wakanda Forever,black-panther-wakanda-forever.webp
Daisy Johnson,Quake,daisy-johnson.webp
Black Widow's Bite,Black Widow's Bite,black-widow-s-bite.webp
Sif's Sword and Shield,Sif's Sword and Shield,sif-s-sword-and-shield.webp
Leviathans,Leviathans,leviathans.webp
What If... Killmonger Rescued Tony Stark?,What If... Killmonger Rescued Tony Stark?,what-if-killmonger-rescued-tony-stark.webp
Chitauri Helmet,Chitauri Helmet,chitauri-helmet.webp
Shang-Chi and the Legend of the Ten Rings,Shang-Chi and the Legend of the Ten Rings,shang-chi-and-the-legend-of-the-ten-rings.webp
Daredevil: Born Again,Daredevil: Born Again,daredevil-born-again.webp
Avengers Compound,Avengers Compound,avengers-compound.webp
Black Widow,Black Widow,black-widow.webp
Tony Stark's New Element,Tony Stark's New Element,tony-stark-s-new-element.webp
Wilson Fisk,Kingpin,wilson-fisk.webp
Thanos' Armor,Thanos' Armor,thanos-armor.webp
Laura Barton,Laura Barton,laura-barton.webp
Golden City,Birnin Zana,golden-city.webp
Cassie Lang,Cassie Lang,cassie-lang.webp
Thor: God of Thunder,Thor: God of Thunder,thor-god-of-thunder.webp
Frigga,Frigga,frigga.webp
Namor,Namor,namor.webp
Avengers Initiative,Avengers Initiative,avengers-initiative.webp
Puente Antiguo,Puente Antiguo,puente-antiguo.webp
Wheaton,Wheaton,wheaton.webp
Joint Dark Energy Mission Facility,Joint Dark Energy Mission Facility,joint-dark-energy-mission-facility.webp
I Am Groot,I Am Groot,i-am-groot.webp
Thaddeus Ross,Red Hulk,thaddeus-ross.webp
T'Chaka,T'Chaka,t-chaka.webp
Janet van Dyne,Janet van Dyne,janet-van-dyne.webp
What If... T'Challa Became a Star-Lord?,What If... T'Challa Became a Star-Lord?,what-if-t-challa-became-a-star-lord.webp
Lila Barton,Lila Barton,lila-barton.webp
Happy Hogan,Happy Hogan,happy-hogan.webp
The Guardians of the Galaxy Holiday Special,The Guardians of the Galaxy Holiday Special,the-guardians-of-the-galaxy-holiday-special.webp
Inhumans,Inhumans,inhumans.webp
Stark Expo,Stark Expo,stark-expo.webp
Stark Industries Headquarters,Stark Industries Headquarters,stark-industries-headquarters.webp
Emil Blonsky,Abomination,emil-blonsky.webp
Strategic Scientific Reserve,Strategic Scientific Reserve,strategic-scientific-reserve.webp
Star-Lord,Star-Lord,star-lord.webp
Steve Rogers,File:Cap Civil War Textless Poster.jpg,steve-rogers.webp
Sam Wilson,File:TF&TWS Textless Character Posters 01.jpg,sam-wilson.webp
Matt Murdock,Daredevil,matt-murdock.webp
Maria Hill,Maria Hill,maria-hill.webp
Maggie Lang,Maggie Lang,maggie-lang.webp
Michelle Jones,Michelle Jones,michelle-jones.webp
Jasper Sitwell,Jasper Sitwell,jasper-sitwell.webp
Cooper Barton,Cooper Barton,cooper-barton.webp
Sue Storm,Invisible Woman,sue-storm.webp
May Parker,May Parker,may-parker.webp
Talos,Talos,talos.webp
Ayo,Ayo,ayo.webp
Jane Foster,Mighty Thor,jane-foster.webp
Adrian Toomes,Vulture,adrian-toomes.webp
Foggy Nelson,Foggy Nelson,foggy-nelson.webp
Laufey,Laufey,laufey.webp
Alexei Shostakov,Red Guardian,alexei-shostakov.webp
J.A.R.V.I.S.,J.A.R.V.I.S.,j-a-r-v-i-s.webp
Johnny Storm,Human Torch,johnny-storm.webp
Morgan Stark,Morgan Stark,morgan-stark.webp
M'Baku,M'Baku,m-baku.webp
Anton Vanko,Anton Vanko,anton-vanko.webp
Catherine Starr,Catherine Starr,catherine-starr.webp
Trevor Slattery,Trevor Slattery,trevor-slattery.webp
Iron Legion,Iron Legion,iron-legion.webp
Doris Toomes,Doris Toomes,doris-toomes.webp
Karen Page,Karen Page,karen-page.webp
Ned Leeds,Ned Leeds,ned-leeds.webp
Goose,Goose,goose.webp
Ava Starr,Ghost,ava-starr.webp
Sharon Carter,Power Broker,sharon-carter.webp
Erik Selvig,Erik Selvig,erik-selvig.webp
Darcy Lewis,Darcy Lewis,darcy-lewis.webp
Elihas Starr,Elihas Starr,elihas-starr.webp
Fandral,Fandral,fandral.webp
Gideon Malick,Gideon Malick,gideon-malick.webp
Arnim Zola,Arnim Zola,arnim-zola.webp
N'Jobu,N'Jobu,n-jobu.webp
Soren,Soren,soren.webp
Ramonda,Ramonda,ramonda.webp
Maria Stark,Maria Stark,maria-stark.webp
Cosmo,Cosmo the Spacedog,cosmo.webp
America Chavez,America Chavez,america-chavez.webp
Ben Grimm,Thing,ben-grimm.webp
Jimmy Woo,Jimmy Woo,jimmy-woo.webp
Ronan,Ronan the Accuser,ronan.webp
Carina,Carina,carina.webp
Meredith Quill,Meredith Quill,meredith-quill.webp
Frost Beasts,Frost Beasts,frost-beasts.webp
Ulysses Klaue,Ulysses Klaue,ulysses-klaue.webp
Joseph Danvers,Joseph Danvers,joseph-danvers.webp
Volstagg,Volstagg,volstagg.webp
Hogun,Hogun,hogun.webp
Brock Rumlow,Crossbones,brock-rumlow.webp
Frank Castle,Punisher,frank-castle.webp
Aldrich Killian,Aldrich Killian,aldrich-killian.webp
Destroyer,Destroyer,destroyer.webp
Yusuf Khan,Yusuf Khan,yusuf-khan.webp
Luis,Luis,luis.webp
Joaquín Torres,Falcon,joaqu-n-torres.webp
John Garrett,John Garrett,john-garrett.webp
Corvus Glaive,Corvus Glaive,corvus-glaive.webp
Christine Palmer,Christine Palmer,christine-palmer.webp
Leo Fitz,Leo Fitz,leo-fitz.webp
Cottonmouth,Cottonmouth,cottonmouth.webp
Betty Brant,Betty Brant,betty-brant.webp
John Walker,U.S. Agent,john-walker.webp
Bullseye,Bullseye,bullseye.webp
Wolfgang von Strucker,Baron Strucker,wolfgang-von-strucker.webp
Malekith,Malekith,malekith.webp
Deke Shaw,Deke Shaw,deke-shaw.webp
Bill Foster,Bill Foster,bill-foster.webp
Cindy Moon,Cindy Moon,cindy-moon.webp
Harley Keener,Harley Keener,harley-keener.webp
Bambi Arbogast,Bambi Arbogast,bambi-arbogast.webp
Jemma Simmons,Jemma Simmons,jemma-simmons.webp
Howard the Duck,Howard the Duck,howard-the-duck.webp
Raina,Raina,raina.webp
Dave,Dave,dave.webp
Korath,Korath the Pursuer,korath.webp
Cameron Klein,Cameron Klein,cameron-klein.webp
William Ginter Riva,William Ginter Riva,william-ginter-riva.webp
Betty Ross,Betty Ross,betty-ross.webp
Ho Yinsen,Ho Yinsen,ho-yinsen.webp
Blake Tower,Blake Tower,blake-tower.webp
Grant Ward,Grant Ward,grant-ward.webp
Irani Rael,Irani Rael,irani-rael.webp
Gale,Gale,gale.webp
Ivan Vanko,Whiplash,ivan-vanko.webp
Maggie Grace,Maggie Grace,maggie-grace.webp
Wiccan,Wiccan,wiccan.webp
Surtur,Surtur,surtur.webp
Alexander Pierce,Alexander Pierce,alexander-pierce.webp
Christine Everhart,Christine Everhart,christine-everhart.webp
Darren Cross,M.O.D.O.K.,darren-cross.webp
Elektra,Elektra,elektra.webp
Jack Rollins,Jack Rollins,jack-rollins.webp
Sally Avril,Sally Avril,sally-avril.webp
Daniel Sousa,Daniel Sousa,daniel-sousa.webp
Julius Dell,Julius Dell,julius-dell.webp
Reed Richards,Mister Fantastic,reed-richards.webp
Maria Rambeau,Maria Rambeau,maria-rambeau.webp
Mac Gargan,Scorpion,mac-gargan.webp
Flash Thompson,Flash Thompson,flash-thompson.webp
Stick,Stick,stick.webp
Ajak,Ajak,ajak.webp
Quentin Beck,Mysterio,quentin-beck.webp
Chad Davis,Chad Davis,chad-davis.webp
Makkari,Makkari,makkari.webp
Dale,Dale,dale.webp
Asgardian Horses,Asgardian Horses,asgardian-horses.webp
Edwin Jarvis,Edwin Jarvis,edwin-jarvis.webp
Herman Schultz,Shocker,herman-schultz.webp
Justin Hammer,Justin Hammer,justin-hammer.webp
Mrs. Davis,Mrs. Davis,mrs-davis.webp
Jason Ionello,Jason Ionello,jason-ionello.webp
Zuri,Zuri,zuri.webp
Nakia,Nakia,nakia.webp
Mitchell Carson,Mitchell Carson,mitchell-carson.webp
Fine,Fine,fine.webp
Yasmin Monette,Yasmin Monette,yasmin-monette.webp
Aaron Davis,Prowler,aaron-davis.webp
Heather Glenn,Heather Glenn,heather-glenn.webp
Ben Urich,Ben Urich,ben-urich.webp
Zrinka,Zrinka,zrinka.webp
Abu Bakaar,Abu Bakaar,abu-bakaar.webp
Georgi Luchkov,Georgi Luchkov,georgi-luchkov.webp
Ironette Dancers,Ironette Dancers,ironette-dancers.webp
Maya Hansen,Maya Hansen,maya-hansen.webp
Gef,Gef,gef.webp
Ramirez,Ramirez,ramirez.webp
Eric Savin,Eric Savin,eric-savin.webp
Obadiah Stane,Iron Monger,obadiah-stane.webp
Mary Walker,Mary Walker,mary-walker.webp
Samuel Sterns,Leader,samuel-sterns.webp
Daniel Drumm,Daniel Drumm,daniel-drumm.webp
Burleigh,Burleigh,burleigh.webp
Kurse,Kurse,kurse.webp
Melinda May,Melinda May,melinda-may.webp
J. Jonah Jameson,J. Jonah Jameson,j-jonah-jameson.webp
Josef,Josef,josef.webp
Navid,Navid,navid.webp
Zylak,Zylak,zylak.webp
Beerbot 5000,Beerbot 5000,beerbot-5000.webp
W'Kabi,W'Kabi,w-kabi.webp
Stakar Ogord,Stakar Ogord,stakar-ogord.webp
Huhtar,Huhtar,huhtar.webp
Connie,Connie,connie.webp
Ahmed,Ahmed,ahmed.webp
Isabela Alvarez,Isabela Alvarez,isabela-alvarez.webp
Topaz,Topaz,topaz.webp
Jacques Dernier,Jacques Dernier,jacques-dernier.webp
Chester Phillips,Chester Phillips,chester-phillips.webp
Gilmore Hodge,Gilmore Hodge,gilmore-hodge.webp
Limbani,Limbani,limbani.webp
Jennifer Kale,Jennifer Kale,jennifer-kale.webp
Supreme Intelligence,Supreme Intelligence,supreme-intelligence.webp
Matthew Ellis,Matthew Ellis,matthew-ellis.webp
Michael Duffy,Michael Duffy,michael-duffy.webp
Whitcher,Whitcher,whitcher.webp
Soh-Larr,Soh-Larr,soh-larr.webp
Agatha Harkness,Agatha Harkness,agatha-harkness.webp
Maddie,Maddie,maddie.webp
Norex,Norex,norex.webp
Dimitri Smerdyakov,Dimitri Smerdyakov,dimitri-smerdyakov.webp
Tina Minoru,Tina Minoru,tina-minoru.webp
Chess Roberts,Chess Roberts,chess-roberts.webp
Brad Davis,Brad Davis,brad-davis.webp
Narblik,Narblik,narblik.webp
Mar-Vell,Mar-Vell,mar-vell.webp
E.D.I.T.H.,E.D.I.T.H.,e-d-i-t-h.webp
Abraham Erskine,Abraham Erskine,abraham-erskine.webp
Antoine Triplett,Antoine Triplett,antoine-triplett.webp
Anitolov,Anitolov,anitolov.webp
Vertigo,Vertigo,vertigo.webp
Hailstrum,Hailstrum,hailstrum.webp
Sebastian,Sebastian,sebastian.webp
Bereet,Bereet,bereet.webp
Claire Weiss,Claire Weiss,claire-weiss.webp
Bor,Bor,bor.webp
Death,Death,death.webp
Guterman,Guterman,guterman.webp
Richard Madison,Richard Madison,richard-madison.webp
Charles Murphy,Charles Murphy,charles-murphy.webp
Bron-Char,Bron-Char,bron-char.webp
Eitri,Eitri,eitri.webp
Oblo,Oblo,oblo.webp
Ray Nadeem,Ray Nadeem,ray-nadeem.webp
Simon Williams,Simon Williams,simon-williams.webp
Ikaris,Ikaris,ikaris.webp
Mockingbird,Bobbi Morse,mockingbird.webp
Retch,Retch,retch.webp
Scrote,Scrote,scrote.webp
Zach Cooper,Zach Cooper,zach-cooper.webp
Bonnie,Bonnie,bonnie.webp
Helen Cho,Helen Cho,helen-cho.webp
Moloka Dar,Moloka Dar,moloka-dar.webp
Karl Mordo,Karl Mordo,karl-mordo.webp
Halfnut,Halfnut,halfnut.webp
Stoltz,Stoltz,stoltz.webp
Leonard Samson,Leonard Samson,leonard-samson.webp
Rhomann Dey,Rhomann Dey,rhomann-dey.webp
Phastos,Phastos,phastos.webp
Don,Don,don.webp
Thomas Richards,Thomas Richards,thomas-richards.webp
Yon-Rogg,Yon-Rogg,yon-rogg.webp
Rebecca,Rebecca,rebecca.webp
Ravonna Renslayer,Ravonna Renslayer,ravonna-renslayer.webp
Georges Batroc,Batroc the Leaper,georges-batroc.webp
Jackson Brice,Jackson Brice,jackson-brice.webp
Hive,Hive,hive.webp
Sonny Burch,Sonny Burch,sonny-burch.webp
Costel,Costel,costel.webp
Melvin Potter,Melvin Potter,melvin-potter.webp
Anne Marie Hoag,Anne Marie Hoag,anne-marie-hoag.webp
Galactus,Galactus,galactus.webp
Garthan Saal,Garthan Saal,garthan-saal.webp
James Montgomery Falsworth,James Montgomery Falsworth,james-montgomery-falsworth.webp
Peachy,Peachy,peachy.webp
Ian Boothby,Ian Boothby,ian-boothby.webp
Aleta Ogord,Aleta Ogord,aleta-ogord.webp
Extremis Soldiers,Extremis Soldiers,extremis-soldiers.webp
Sprite,Sprite,sprite.webp
Uzman,Uzman,uzman.webp
Brahl,Brahl,brahl.webp
Charlie-27,Charlie-27,charlie-27.webp
World Security Council,World Security Council,world-security-council.webp
Ayesha,Ayesha,ayesha.webp
Hydra Buyer,Hydra Buyer,hydra-buyer.webp
Minn-Erva,Minn-Erva,minn-erva.webp
Gabe Jones,Gabe Jones,gabe-jones.webp
Moon Knight,Moon Knight,moon-knight.webp
Randy Vale,Randy Vale,randy-vale.webp
Garrett,Garrett,garrett.webp
Renata,Renata,renata.webp
Silver Surfer,Silver Surfer,silver-surfer.webp
Hamir,Hamir,hamir.webp
Cale,Cale,cale.webp
Thena,Thena,thena.webp
Akihiko,Akihiko,akihiko.webp
Skurge,Executioner,skurge.webp
Sol Rama,Sol Rama,sol-rama.webp
Gilgamesh,Gilgamesh,gilgamesh.webp
Roeder,Roeder,roeder.webp
Kirsten McDuffie,Kirsten McDuffie,kirsten-mcduffie.webp
Jim Morita,Jim Morita,jim-morita.webp
Tyr,Tyr,tyr.webp
Taserface,Taserface,taserface.webp
Eir,Eir,eir.webp
Gorr the God Butcher,Gorr the God Butcher,gorr-the-god-butcher.webp
Tyler Corbyn,Tyler Corbyn,tyler-corbyn.webp
Grandmaster,Grandmaster,grandmaster.webp
Heinz Kruger,Heinz Kruger,heinz-kruger.webp
Tullk,Tullk,tullk.webp
Delancey,Delancey,delancey.webp
Kaecilius,Kaecilius,kaecilius.webp
Martina,Martina,martina.webp
Horuz,Horuz,horuz.webp
Hutter,Hutter,hutter.webp
Karen,Karen,karen.webp
Owl,Owl,owl.webp
Zeke Stane,Ezekiel Stane,zeke-stane.webp
Att-Lass,Att-Lass,att-lass.webp
James Wesley,James Wesley,james-wesley.webp
Vasily Karpov,Vasily Karpov,vasily-karpov.webp
Ellen Brandt,Ellen Brandt,ellen-brandt.webp
Lilia Calderu,Lilia Calderu,lilia-calderu.webp
Shawna Lynde,Shawna Lynde,shawna-lynde.webp
Lead Scrapper,Lead Scrapper,lead-scrapper.webp
Jack Taggart,Jack Taggart,jack-taggart.webp
BB Urich,BB Urich,bb-urich.webp
Dum Dum Dugan,Dum Dum Dugan,dum-dum-dugan.webp
Jonathan Pangborn,Jonathan Pangborn,jonathan-pangborn.webp
Phineas Mason,Tinkerer,phineas-mason.webp
Buck Cashman,Buck Cashman,buck-cashman.webp
Martinex,Martinex,martinex.webp
Lance Hunter,Lance Hunter,lance-hunter.webp
STRIKE Team: Delta,STRIKE Team: Delta,strike-team-delta.webp
Red Dagger,Red Dagger,red-dagger.webp
Irina,Irina,irina.webp
Arishem the Judge,Arishem the Judge,arishem-the-judge.webp
Lincoln Campbell,Lincoln Campbell,lincoln-campbell.webp
Echo,Echo,echo.webp
Ricky,Ricky,ricky.webp
Ian Quinn,Ian Quinn,ian-quinn.webp
Rampage,Rampage,rampage.webp
Melissa Bowen,Melissa Bowen,melissa-bowen.webp
Thor: Love and Thunder,Thor: Love and Thunder,thor-love-and-thunder.webp
Marvel Studios: Legends,Legends,marvel-studios-legends.webp
Super Soldier Serum,Super Soldier Serum,super-soldier-serum.webp
Vita Radiation,Vita Radiation,vita-radiation.webp
Wakanda,Wakanda,wakanda.webp
Hridgandr,Hridgandr,hridgandr.webp
The Well,The Well,the-well.webp
Asgardian Skiff,Asgardian Skiff,asgardian-skiff.webp
Destroyer Armor Prototype Gun,Destroyer Armor Prototype Gun,destroyer-armor-prototype-gun.webp
Casket of Ancient Winters,Casket of Ancient Winters,casket-of-ancient-winters.webp
Sakaarans,Sakaarans,sakaarans.webp
Power Broker,Power Broker,power-broker.webp
Willowdale,Willowdale,willowdale.webp
Fimbuldraugr,Fimbuldraugr,fimbuldraugr.webp
Stark Sonic Cannon,Stark Sonic Cannon,stark-sonic-cannon.webp
Quantum Realm,Quantum Realm,quantum-realm.webp
Brandrheid Undrsigr,Brandrheid Undrsigr,brandrheid-undrsigr.webp
Asgard,Asgard,asgard.webp
Agatha All Along,Agatha All Along,agatha-all-along.webp
Werewolf by Night,Werewolf by Night,werewolf-by-night.webp
Tony Stark's Mansion,Tony Stark's Mansion,tony-stark-s-mansion.webp
Celestial,Celestials,celestial.webp
Chitauri Chariot,Chitauri Chariot,chitauri-chariot.webp
Chitauri Gun,Chitauri Gun,chitauri-gun.webp
Hydra,Hydra,hydra.webp
The Fantastic Four: First Steps,The Fantastic Four: First Steps,the-fantastic-four-first-steps.webp
Taser Disk,Taser Disk,taser-disk.webp
Ant-Man and the Wasp: Quantumania,Ant-Man and the Wasp: Quantumania,ant-man-and-the-wasp-quantumania.webp
Asgardian Collar,Asgardian Collar,asgardian-collar.webp
The New York Examiner,The New York Examiner,the-new-york-examiner.webp
Genghis Connie's Too,Genghis Connie's Too,genghis-connie-s-too.webp
Einherjar Shield,Einherjar Shield,einherjar-shield.webp
Space Throne,Space Throne,space-throne.webp
Camp Lehigh,Camp Lehigh,camp-lehigh.webp
Zip-Line Gun,Zip-Line Gun,zip-line-gun.webp
Grand Arena,Grand Arena,grand-arena.webp
Stark Industries Private Jet,Stark Industries Private Jet,stark-industries-private-jet.webp
Project P.E.G.A.S.U.S.,Project P.E.G.A.S.U.S.,project-p-e-g-a-s-u-s.webp
Gulmira,Gulmira,gulmira.webp
Whip & Fiddle,Whip & Fiddle,whip-fiddle.webp
Hide and Seek,Hide and Seek,hide-and-seek.webp
Never Meet Your Heroes,Never Meet Your Heroes,never-meet-your-heroes.webp
Item 47,Chitauri Gun,item-47.webp
Collector's Museum,Collector's Museum,collector-s-museum.webp
Avengers: Doomsday,Avengers: Doomsday,avengers-doomsday.webp
Ronin,Hawkeye,ronin.webp
Hofund,Hofund,hofund.webp
New Asgard,New Asgard,new-asgard.webp
Beginning of the End,Beginning of the End,beginning-of-the-end.webp
Team Thor,Marvel One-Shot: Team Thor: Part 1,team-thor.webp
Dave's Ranch,Dave's Ranch,dave-s-ranch.webp
Ten Rings Base,Ten Rings Base,ten-rings-base.webp
Colantotte Bracelets,Colantotte Bracelets,colantotte-bracelets.webp
City of the Dead,City of the Dead,city-of-the-dead.webp
Mjolnir,Mjølnir,mjolnir.webp
Time Stone,Time Stone,time-stone.webp
Chitauri Energy Core,Chitauri Energy Core,chitauri-energy-core.webp
Asgardian Ravens,Asgardian Ravens,asgardian-ravens.webp
Guardians of the Galaxy Vol. 3,Guardians of the Galaxy Vol. 3,guardians-of-the-galaxy-vol-3.webp
Xeronians,Xeronians,xeronians.webp
Decommissioned CDC Facility,Decommissioned CDC Facility,decommissioned-cdc-facility.webp
Daily Bugle Broadcasting Center,Daily Bugle Broadcasting Center,daily-bugle-broadcasting-center.webp
Golden Sands,Golden Sands,golden-sands.webp
Team Thor: Part 2,Marvel One-Shot: Team Thor: Part 2,team-thor-part-2.webp
Barbershop Headquarters,Barbershop Headquarters,barbershop-headquarters.webp
Hammer Industries,Hammer Industries,hammer-industries.webp
Battle of New York,Battle of New York,battle-of-new-york.webp
Power Stone,Power Stone,power-stone.webp
Strategic Scientific Reserve Brooklyn Facility,Strategic Scientific Reserve Brooklyn Facility,strategic-scientific-reserve-brooklyn-facility.webp
Contraxia,Contraxia,contraxia.webp
Alexander Pierce High School,Alexander Pierce High School,alexander-pierce-high-school.webp
Steve Rogers' Compass,Steve Rogers' Compass,steve-rogers-compass.webp
Colon's Gym,Colon's Gym,colon-s-gym.webp
Chitauri Staff,Chitauri Staff,chitauri-staff.webp
Captain America: Super Soldier,Captain America: Super Soldier,captain-america-super-soldier.webp
Grills' Apartment,Grills' Apartment,grills-apartment.webp
Erik Gelden's Apartment,Erik Gelden's Apartment,erik-gelden-s-apartment.webp
Fat Man Auto Repair,Fat Man Auto Repair,fat-man-auto-repair.webp
Calvin Zabo's Clandestine Clinic,Calvin Zabo's Clandestine Clinic,calvin-zabo-s-clandestine-clinic.webp
Declan Research Facility Lab,Declan Research Facility Lab,declan-research-facility-lab.webp
Two Dead Men,Two Dead Men,two-dead-men.webp
Haven Hills,Haven Hills,haven-hills.webp
Fake Infinity Gauntlet,Fake Infinity Gauntlet,fake-infinity-gauntlet.webp
Court Square Diner,Court Square Diner,court-square-diner.webp
Spider-Man: Brand New Day,Spider-Man: Brand New Day,spider-man-brand-new-day.webp
Whose Show is This?,Whose Show is This?,whose-show-is-this.webp
Bradley Residence,Bradley Residence,bradley-residence.webp
A Normal Amount of Rage,A Normal Amount of Rage,a-normal-amount-of-rage.webp
Gangalor,Gangalor,gangalor.webp
The Ghost,The Ghost,the-ghost.webp
A.B.C. Chinese Restaurant,A.B.C. Chinese Restaurant,a-b-c-chinese-restaurant.webp
Edgecombe Funeral House,Edgecombe Funeral House,edgecombe-funeral-house.webp
Lucky Star Cab Company,Lucky Star Cab Company,lucky-star-cab-company.webp
Grandmaster Palace,Grandmaster Palace,grandmaster-palace.webp
GRC New York Headquarters,GRC New York Headquarters,grc-new-york-headquarters.webp
Custer's Grove,Custer's Grove,custer-s-grove.webp
Truth,Truth,truth.webp
Anvil Headquarters,Anvil Headquarters,anvil-headquarters.webp
Stark Industries Fragmentation Shell,Stark Industries Fragmentation Shell,stark-industries-fragmentation-shell.webp
Gates of Osiris,Gates of Osiris,gates-of-osiris.webp
Danny Rand's Penthouse,Danny Rand's Penthouse,danny-rand-s-penthouse.webp
Strategic Scientific Reserve Headquarters,Strategic Scientific Reserve Headquarters,strategic-scientific-reserve-headquarters.webp
The Consultant,Marvel One-Shot: The Consultant,the-consultant.webp
Aaron's Market,Aaron's Market,aaron-s-market.webp
Extremis,Extremis,extremis.webp
Those Who Would Destroy Us,Those Who Would Destroy Us,those-who-would-destroy-us.webp
Cheng Consulting Management Offices,Cheng Consulting Management Offices,cheng-consulting-management-offices.webp
Enoch's House,Enoch's House,enoch-s-house.webp
Dark Matter Dagger,Dark Matter Dagger,dark-matter-dagger.webp
Hurctarians,Hurctarians,hurctarians.webp
Captain America's Shield,Captain America's Shield,captain-america-s-shield.webp
Anwar Grocery,Anwar Grocery,anwar-grocery.webp
Masters of the Mystic Arts,Masters of the Mystic Arts,masters-of-the-mystic-arts.webp
Black Hole Grenade,Black Hole Grenade,black-hole-grenade.webp
Tesseract,Tesseract,tesseract.webp
AKA 99 Friends,AKA 99 Friends,aka-99-friends.webp
What If... Thor Were an Only Child?,What If... Thor Were an Only Child?,what-if-thor-were-an-only-child.webp
Agents of S.H.I.E.L.D.: Slingshot,Agents of S.H.I.E.L.D.: Slingshot,agents-of-s-h-i-e-l-d-slingshot.webp
Captain America Card Collection,Captain America Card Collection,captain-america-card-collection.webp
Stark Industries,Stark Industries,stark-industries.webp
Sonic Taser,Sonic Taser,sonic-taser.webp
S.H.I.E.L.D. Crater Investigation Site,S.H.I.E.L.D. Crater Investigation Site,s-h-i-e-l-d-crater-investigation-site.webp
Taneleer Tivan,Collector,taneleer-tivan.webp
Chitauri Neural Link,Chitauri Neural Link,chitauri-neural-link.webp
"Partners, Am I Right?","Partners, Am I Right?",partners-am-i-right.webp
Eastern Regional Detention Center,Eastern Regional Detention Center,eastern-regional-detention-center.webp
Sokovia,Sokovia,sokovia.webp
Tesseract Cradle,Tesseract Cradle,tesseract-cradle.webp
Pilot,Pilot,pilot.webp
Echoes,Echoes,echoes.webp
Goldbrix Tavern,Goldbrix Tavern,goldbrix-tavern.webp
Who You Really Are,Who You Really Are,who-you-really-are.webp
Project Rebirth,Project Rebirth,project-rebirth.webp
Helmut Zemo's Latvian Residence,Helmut Zemo's Latvian Residence,helmut-zemo-s-latvian-residence.webp
Infinity Gauntlet,Infinity Gauntlet,infinity-gauntlet.webp
Clint Barton's Homestead,Clint Barton's Homestead,clint-barton-s-homestead.webp
Havenworth Federal Penitentiary,Havenworth Federal Penitentiary,havenworth-federal-penitentiary.webp
Isabela's Diner,Isabela's Diner,isabela-s-diner.webp
Johann Schmidt's Prosthetic Mask,Johann Schmidt's Prosthetic Mask,johann-schmidt-s-prosthetic-mask.webp
Berlin Correctional Facility,Berlin Correctional Facility,berlin-correctional-facility.webp
New World Order,New World Order,new-world-order.webp
Cerberus Squad Compound,Cerberus Squad Compound,cerberus-squad-compound.webp
Agents of S.H.I.E.L.D.: Double Agent,Agents of S.H.I.E.L.D.: Double Agent,agents-of-s-h-i-e-l-d-double-agent.webp
Pet Palace,Pet Palace,pet-palace.webp
Frank Castle's Apartment,Frank Castle's Apartment,frank-castle-s-apartment.webp
The Marvels,The Marvels,the-marvels.webp
Kurse Stone,Kurse Stone,kurse-stone.webp
Hammer Industries Headquarters,Hammer Industries Headquarters,hammer-industries-headquarters.webp
Ragtag,Ragtag,ragtag.webp
Citadel at the End of Time,Citadel at the End of Time,citadel-at-the-end-of-time.webp
Duquesne Brownstone,Duquesne Brownstone,duquesne-brownstone.webp
Avengers: Secret Wars,Avengers: Secret Wars,avengers-secret-wars.webp
Barnes Residence,Barnes Residence,barnes-residence.webp
Custer's Grove High School,Custer's Grove High School,custer-s-grove-high-school.webp
The Dallas Record,The Dallas Record,the-dallas-record.webp
Strategic Operations Command Center,Strategic Operations Command Center,strategic-operations-command-center.webp
Ravagers,Ravagers,ravagers.webp
Battle in the Valkyrie,Battle in the Valkyrie,battle-in-the-valkyrie.webp
Chadwick Ranch,Chadwick Ranch,chadwick-ranch.webp
Heavy Is the Head,Heavy Is the Head,heavy-is-the-head.webp
Anvil Studios,Anvil Studios,anvil-studios.webp
Cockroach's Casino Warehouse,Cockroach's Casino Warehouse,cockroach-s-casino-warehouse.webp
Blue Raven Ridge,Blue Raven Ridge,blue-raven-ridge.webp
Central London Storage,Central London Storage,central-london-storage.webp
Planet 0259-S,Planet 0259-S,planet-0259-s.webp
Scepter,Scepter,scepter.webp
Drone Command Center,Drone Command Center,drone-command-center.webp
In the Blood,In the Blood,in-the-blood.webp
Cybertek Corporate Headquarters,Cybertek Corporate Headquarters,cybertek-corporate-headquarters.webp
Summon the Suit,Summon the Suit,summon-the-suit.webp
Carson Wolf's Residence,Carson Wolf's Residence,carson-wolf-s-residence.webp
Crosshairs,Crosshairs,crosshairs.webp
Castle Residence,Castle Residence,castle-residence.webp
Franklin Deli Market,Franklin Deli Market,franklin-deli-market.webp
Hauser's Bakery,Hauser's Bakery,hauser-s-bakery.webp
Anvil Training Facility,Anvil Training Facility,anvil-training-facility.webp
Arnimhilation 99L Assault Weapon,Arnimhilation 99L Assault Weapon,arnimhilation-99l-assault-weapon.webp
Iron Monger Armor,Iron Monger Armor,iron-monger-armor.webp
Pick-Lock Device,Pick-Lock Device,pick-lock-device.webp
Eastman Residence,Eastman Residence,eastman-residence.webp
Asgardian Dungeons,Asgardian Dungeons,asgardian-dungeons.webp
Feldman Electronics,Feldman Electronics,feldman-electronics.webp
Bridge and Tunnel,Bridge and Tunnel,bridge-and-tunnel.webp
Cranky Pete's Deli,Cranky Pete's Deli,cranky-pete-s-deli.webp
Abandoned Warehouse,Abandoned Warehouse,abandoned-warehouse.webp
Bombay Spice,Bombay Spice,bombay-spice.webp
Diamondback's Warehouse Hideout,Diamondback's Warehouse Hideout,diamondback-s-warehouse-hideout.webp
BLVD Bistro,BLVD Bistro,blvd-bistro.webp
Birch Psychiatric Hospital,Birch Psychiatric Hospital,birch-psychiatric-hospital.webp
Battle of New York Memorial,Battle of New York Memorial,battle-of-new-york-memorial.webp
Brasserie,Brasserie,brasserie.webp
Charmont Jewelers,Charmont Jewelers,charmont-jewelers.webp
Henson Residence,Henson Residence,henson-residence.webp
Government Storage Warehouse,Government Storage Warehouse,government-storage-warehouse.webp
Helmut Zemo's Garage,Helmut Zemo's Garage,helmut-zemo-s-garage.webp
Dora Milaje,Dora Milaje,dora-milaje.webp
Better Angels,Better Angels,better-angels.webp
Disciples of Ammit's London Base,Disciples of Ammit's London Base,disciples-of-ammit-s-london-base.webp
Dario Marquez's Dress Shop,Dario Marquez's Dress Shop,dario-marquez-s-dress-shop.webp
Daisy Clover Milk Factory,Daisy Clover Milk Factory,daisy-clover-milk-factory.webp
AKA Sin Bin,AKA Sin Bin,aka-sin-bin.webp
The Other,Other,the-other.webp
Freyer National Park,Freyer National Park,freyer-national-park.webp
Axia,Axia,axia.webp
Bob's Market,Bob's Market,bob-s-market.webp
Captain America: Brave New World,Captain America: Brave New World,captain-america-brave-new-world.webp
Cybertek Manufacturing Facility,Cybertek Manufacturing Facility,cybertek-manufacturing-facility.webp
Customs Station CI-741,Customs Station CI-741,customs-station-ci-741.webp
Hand's Anzhou Laboratory,Hand's Anzhou Laboratory,hand-s-anzhou-laboratory.webp
Burkov Mining Facility,Burkov Mining Facility,burkov-mining-facility.webp
ATCU Storage Facility,ATCU Storage Facility,atcu-storage-facility.webp
Cincinnati Memorial Hospital,Cincinnati Memorial Hospital,cincinnati-memorial-hospital.webp
The Frenemy of My Enemy,The Frenemy of My Enemy,the-frenemy-of-my-enemy.webp
Gunner,Gunner,gunner.webp
Bruce Banner's Island,Bruce Banner's Island,bruce-banner-s-island.webp
The Fury of Iron Fist,The Fury of Iron Fist,the-fury-of-iron-fist.webp
The Variant,The Variant,the-variant.webp
Anton Mogart's Estate,Anton Mogart's Estate,anton-mogart-s-estate.webp
The Nexus Event,The Nexus Event,the-nexus-event.webp
Demolished Bar,Demolished Bar,demolished-bar.webp
ATF Field Office,ATF Field Office,atf-field-office.webp
Godthab Omega,Godthab Omega,godthab-omega.webp
Chinatown Crew Hideout,Chinatown Crew Hideout,chinatown-crew-hideout.webp
Cosmogenic Manufacturing Warehouse,Cosmogenic Manufacturing Warehouse,cosmogenic-manufacturing-warehouse.webp
Chikara Dojo,Chikara Dojo,chikara-dojo.webp
Felling Tree with Roots,Felling Tree with Roots,felling-tree-with-roots.webp
Cassaro Gallery,Cassaro Gallery,cassaro-gallery.webp
Circo's Pastry Shop,Circo's Pastry Shop,circo-s-pastry-shop.webp
S.W.O.R.D.,S.W.O.R.D.,s-w-o-r-d.webp
Flying Rocket Diner,Flying Rocket Diner,flying-rocket-diner.webp
Wonder Man,Simon Williams,wonder-man.webp
Crane Sisters' Tattoo Shop,Crane Sisters' Tattoo Shop,crane-sisters-tattoo-shop.webp
Eddie's Memorabilia,Eddie's Memorabilia,eddie-s-memorabilia.webp
Hand's Brooklyn Warehouse,Hand's Brooklyn Warehouse,hand-s-brooklyn-warehouse.webp
Clinica Sonando,Clinica Sonando,clinica-sonando.webp
Halfway House Cafe,Halfway House Cafe,halfway-house-cafe.webp
Apartment 412,Apartment 412,apartment-412.webp
CIA Safe House,CIA Safe House,cia-safe-house.webp
AKA I Have No Spleen,AKA I Have No Spleen,aka-i-have-no-spleen.webp
Easik,Easik,easik.webp
AKA God Help the Hobo,AKA God Help the Hobo,aka-god-help-the-hobo.webp
For All Time. Always.,For All Time. Always.,for-all-time-always.webp
Audrey Eastman's Secret Warehouse,Audrey Eastman's Secret Warehouse,audrey-eastman-s-secret-warehouse.webp
Golden Tigers' Nightclub,Golden Tigers' Nightclub,golden-tigers-nightclub.webp
Hell's Harbor,Hell's Harbor,hell-s-harbor.webp
Marvel Cinematic Universe,Marvel Cinematic Universe,marvel-cinematic-universe.webp
Delmar's Deli-Grocery,Delmar's Deli-Grocery,delmar-s-deli-grocery.webp
Bruce Banner Manhunt,Bruce Banner Manhunt,bruce-banner-manhunt.webp
Cotton Club,Cotton Club,cotton-club.webp
Fort Bryon,Fort Bryon,fort-bryon.webp
Gabriel Soto's Mansion,Gabriel Soto's Mansion,gabriel-soto-s-mansion.webp
Kidnapping of Tony Stark,Kidnapping of Tony Stark,kidnapping-of-tony-stark.webp
Chitauri Invasion,Chitauri Invasion,chitauri-invasion.webp
Golden Tigers' Hideout,Golden Tigers' Hideout,golden-tigers-hideout.webp
Graniteville Diner,Graniteville Diner,graniteville-diner.webp
Brass Monkey Saloon,Brass Monkey Saloon,brass-monkey-saloon.webp
Franklin D. Roosevelt High School,Franklin D. Roosevelt High School,franklin-d-roosevelt-high-school.webp
Gorilla City,Gorilla City,gorilla-city.webp
Bruce's Bar,Bruce's Bar,bruce-s-bar.webp
Herman's Hearty Slice,Herman's Hearty Slice,herman-s-hearty-slice.webp
Devils You Know,Devils You Know,devils-you-know.webp
Battle at Culver University,Battle at Culver University,battle-at-culver-university.webp
Declan Research Facility,Declan Research Facility,declan-research-facility.webp
Attilan Mines,Attilan Mines,attilan-mines.webp
The Basement,The Basement,the-basement.webp
Cuchifritos,Cuchifritos,cuchifritos.webp
Abandoned Building,Abandoned Building,abandoned-building.webp
Deke Shaw's Company's Office,Deke Shaw's Company's Office,deke-shaw-s-company-s-office.webp
Harlem Women's Clinic,Harlem Women's Clinic,harlem-women-s-clinic.webp
What If... Ultron Won?,What If... Ultron Won?,what-if-ultron-won.webp
The Creator,The Creator,the-creator.webp
Crown Regent Hotel,Crown Regent Hotel,crown-regent-hotel.webp
Colleen O'Brien's Apartment,Colleen O'Brien's Apartment,colleen-o-brien-s-apartment.webp
Cull Obsidian,Cull Obsidian,cull-obsidian.webp
Gothic Renaissance,Gothic Renaissance,gothic-renaissance.webp
Distant Star Facility,Distant Star Facility,distant-star-facility.webp
Zephyr One,Zephyr One,zephyr-one.webp
Clinton Church,Clinton Church,clinton-church.webp
Hasan's House,Hasan's House,hasan-s-house.webp
Duncan + Dotter Design Office,Duncan + Dotter Design Office,duncan-dotter-design-office.webp
County Cold Storage Building,County Cold Storage Building,county-cold-storage-building.webp
Abe Lebewhol Park,Abe Lebewhol Park,abe-lebewhol-park.webp
Hannah Hutchins' House,Hannah Hutchins' House,hannah-hutchins-house.webp
Rolling Thunder Cannon Punch,Rolling Thunder Cannon Punch,rolling-thunder-cannon-punch.webp
Providence,Providence,providence.webp
Batesville,Batesville,batesville.webp
Hall of Asgard,Hall of Asgard,hall-of-asgard.webp
Something Inhuman This Way Comes...,Something Inhuman This Way Comes...,something-inhuman-this-way-comes.webp
Dolores Miller's Apartment,Dolores Miller's Apartment,dolores-miller-s-apartment.webp
Gideon Malick's Penthouse,Gideon Malick's Penthouse,gideon-malick-s-penthouse.webp
Callisto Aerospace Control Center,Callisto Aerospace Control Center,callisto-aerospace-control-center.webp
15th Precinct Police Station,15th Precinct Police Station,15th-precinct-police-station.webp
Cole Miller's Apartment,Cole Miller's Apartment,cole-miller-s-apartment.webp
Watchdogs,Watchdogs,watchdogs.webp
Calderwood Auction House,Calderwood Auction House,calderwood-auction-house.webp
Puente Antiguo County Hospital,Puente Antiguo County Hospital,puente-antiguo-county-hospital.webp
Flag Smashers Hideout,Flag Smashers Hideout,flag-smashers-hideout.webp
AKA You're a Winner!,AKA You're a Winner!,aka-you-re-a-winner.webp
Bishop Security Headquarters,Bishop Security Headquarters,bishop-security-headquarters.webp
Ironheart,Ironheart,ironheart.webp
Straighten It Out,Straighten It Out,straighten-it-out.webp
AKA Three Lives and Counting,AKA Three Lives and Counting,aka-three-lives-and-counting.webp
"One World, One People","One World, One People",one-world-one-people.webp
Frank Choi's Furniture,Frank Choi's Furniture,frank-choi-s-furniture.webp
Bailey's Auction House,Bailey's Auction House,bailey-s-auction-house.webp
Chan Ho Yin's House,Chan Ho Yin's House,chan-ho-yin-s-house.webp
Buccaneer Bay,Buccaneer Bay,buccaneer-bay.webp
Tales of Suspense,Tales of Suspense,tales-of-suspense.webp
Yes Men,Yes Men,yes-men.webp
Eye of Agamotto,Eye of Agamotto,eye-of-agamotto.webp
Bruce Banner's House,Bruce Banner's House,bruce-banner-s-house.webp
Ebony Maw,Ebony Maw,ebony-maw.webp
Girl in the Flower Dress,Girl in the Flower Dress,girl-in-the-flower-dress.webp
Aladna,Aladna,aladna.webp
Antoine Grier's Apartment,Antoine Grier's Apartment,antoine-grier-s-apartment.webp
Bud Schultz's House,Bud Schultz's House,bud-schultz-s-house.webp
Work:Ant-Man,Ant-Man (film),work-ant-man.webp
Work:Thor,Thor (film),work-thor.webp
Work:Iron Man,Iron Man (film),work-iron-man.webp
Work:Black Panther,Black Panther (film),work-black-panther.webp
Work:Captain Marvel,Captain Marvel (film),work-captain-marvel.webp
Work:Daredevil,Daredevil (TV series),work-daredevil.webp
Work:Doctor Strange,Doctor Strange (film),work-doctor-strange.webp
Work:Hawkeye,Hawkeye (TV series),work-hawkeye.webp
Work:Black Widow,Black Widow (film),work-black-widow.webp
Work:Iron Man,Iron Man (film),work-iron-man.webp
Work:Loki,Loki (TV series),work-loki.webp
Work:Ms. Marvel,Ms. Marvel (TV series),work-ms-marvel.webp
Work:Thor,Thor (film),work-thor.webp
Work:Moon Knight,Moon Knight (TV series),work-moon-knight.webp
Work:Iron Man,Iron Man (film),work-iron-man.webp
Work:Echo,Echo (TV series),work-echo.webp
Work:Thor,Thor (film),work-thor.webp
Work:Ms. Marvel,Ms. Marvel (TV series),work-ms-marvel.webp
Claire Temple,Claire Temple,claire-temple.webp
Vanessa Fisk,Vanessa Fisk,vanessa-fisk.webp
Roger Harrington,Roger Harrington,roger-harrington.webp
Amira Ahmed,Amira Ahmed,amira-ahmed.webp
Jack McGee,Jack McGee,jack-mcgee.webp
GT Agrochemical Office,GT Agrochemical Office,gt-agrochemical-office.webp
California Centipede Base,California Centipede Base,california-centipede-base.webp
Ana's House,Ana's House,ana-s-house.webp
Boot of Jemiah,Boot of Jemiah,boot-of-jemiah.webp
Howling Commandos,Howling Commandos,howling-commandos.webp
Zemo,Baron Zemo,zemo.webp
James Paxton,Jim Paxton,james-paxton.webp
Wenwu,Xu Wenwu,wenwu.webp
Kraglin,Kraglin Obfonteri,kraglin.webp
Lady Sif,Sif,lady-sif.webp
Liz Toomes,Liz Allan,liz-toomes.webp
Everett K. Ross,Everett Ross,everett-k-ross.webp
